,Link,Job Title,Company Name,Experience,Salary,Location,Description,Skills Required
0,https://www.naukri.com/job-listings-data-science-engineer-data-analyst-and-junior-data-scientist-inflexion-analytix-private-limited-caia-kolkata-pune-bangalore-bengaluru-0-to-3-years-240522006078?src=jobsearchDesk&sid=165374412419953&xp=1&px=1,"Data Science Engineer, Data Analyst and Junior Data Scientist",Inflexion Analytix Private Limited - CAIA,N/A,"3,75,000 - 4,50,000 PA.","Kolkata, Pune, Bangalore/Bengaluru", Applications invited from all Freshers and experienced candidates (0-3 yrs) aspiring to...,"['SQL Database', 'Advanced Analytics', 'Data Management', 'Data Extraction', 'ETL', 'AWS', 'data engineering', 'Python']"
1,https://www.naukri.com/job-listings-data-analyst-capgemini-technology-services-india-limited-gurgaon-gurugram-0-to-1-years-260522906933?src=jobsearchDesk&sid=165374412419953&xp=2&px=1,Data Analyst,Capgemini,0-1 Yrs,Not disclosed,Gurgaon/Gurugram, Microsoft Office Experience Microsoft Word Experience,"['Quality standards', 'big data analytics', 'microsoft', 'MS Office', 'Microsoft Office', 'Microsoft Word']"
2,https://www.naukri.com/job-listings-data-science-data-engineer-business-analyst-full-stack-developer-networth-data-products-private-limited-bangalore-bengaluru-0-to-3-years-260522001582?src=jobsearchDesk&sid=165374412419953&xp=3&px=1,Data Science / Data Engineer / Business Analyst / Full Stack Developer,NETWORTH DATA PRODUCTS PRIVATE LIMITED,0-3 Yrs,"4,00,000 - 6,50,000 PA.",Bangalore/Bengaluru, Bachelors degree or equivalent self education in a Quantitative or Technical field (Sta...,"['data science', 'data engineering', 'IT Skills', 'DevOps', 'full stack developer', 'Cicd Pipeline', 'business analyst']"
3,https://www.naukri.com/job-listings-data-analyst-python-artificial-intelligence-imindyourbusiness-kolkata-mumbai-hyderabad-secunderabad-pune-bangalore-bengaluru-0-to-2-years-250522903657?src=jobsearchDesk&sid=165374412419953&xp=4&px=1,Data Analyst - Python/Artificial Intelligence,iMindYourBusiness,0-2 Yrs,Not disclosed,"Kolkata, Mumbai, Hyderabad/Secunderabad, Pune, Bangalore/Bengaluru", Candidates must have ability to work from home and also in a position to use their pers...,"['python', 'SQL server', 'C++', 'VBA', 'Advanced Excel', 'Data Science', 'Artificial Intelligence', 'Data Analyst']"
4,https://www.naukri.com/job-listings-cor-helpdesk-data-analyst-gtt-communications-pune-0-to-2-years-270522502757?src=jobsearchDesk&sid=165374412419953&xp=5&px=1,CoR Helpdesk Data Analyst ||,GTT Communications,0-2 Yrs,Not disclosed,Pune," 4+ years telecom expense / cost management experience, 4+ years technical systems exper...","['Telecom billing', 'Telecom', 'Helpdesk', 'Product portfolio', 'Cost management', 'Advanced Excel', 'Data Analyst', 'Management']"
5,https://www.naukri.com/job-listings-associate-strategic-value-advisory-data-analyst-coupa-software-inc-pune-0-to-2-years-270522500014?src=jobsearchDesk&sid=165374412419953&xp=6&px=1,Associate Strategic Value Advisory Data Analyst,Coupa Software Inc.,0-2 Yrs,Not disclosed,Pune, Roles and Responsibilities: Support sales engagements with data-driven discovery by per...,"['Data analysis', 'Excel', 'Sales', 'data science', 'Value engineering', 'Machine learning', 'Information management', 'big data']"
6,https://www.naukri.com/job-listings-senior-data-analyst-anz-banking-group-bangalore-bengaluru-2-to-3-years-260522501264?src=jobsearchDesk&sid=165374412419953&xp=7&px=1,Senior Data Analyst,ANZ,2-3 Yrs,Not disclosed,Bangalore/Bengaluru, The role is focused on the Group s governance framework for FinCrime Function underpinn...,"['Bfsi', 'Javascript', 'Data processing', 'Data quality', 'Data Analyst', 'Monitoring', 'SQL', 'Recruitment']"
7,https://www.naukri.com/job-listings-data-analyst-crm-platform-artech-infosystem-kolkata-mumbai-hyderabad-secunderabad-pune-ahmedabad-chennai-delhi-ncr-bangalore-bengaluru-1-to-6-years-240522902202?src=jobsearchDesk&sid=165374412419953&xp=8&px=1,Data Analyst - CRM Platform,Artech infosystem,1-6 Yrs,Not disclosed,"Kolkata, Mumbai, Hyderabad/Secunderabad, Pune, Ahmedabad, Chennai, Delhi / NCR, Bangalore/Bengaluru", Minimum Qualifications: - Bachelors degree or equivalent Preferred Qualifications : - E...,"['CRM', 'Java', 'communication', 'Salesforce', 'analytical', 'SQL', 'data analytics', 'Python']"
8,https://www.naukri.com/job-listings-senior-data-analyst-i-axa-xl-silokhera-gurgaon-0-to-5-years-250522903249?src=jobsearchDesk&sid=165374412419953&xp=9&px=1,Senior Data Analyst I,Axa XL,0-5 Yrs,Not disclosed,Silokhera Gurgaon," AXA XL recognizes data and information as critical business assets, both in terms of ma...",['Senior Data Analyst I']
9,https://www.naukri.com/job-listings-data-analyst-fintech-primo-hiring-kolkata-mumbai-hyderabad-secunderabad-pune-chennai-bangalore-bengaluru-1-to-2-years-270522902757?src=jobsearchDesk&sid=165374412419953&xp=10&px=1,Data Analyst - FinTech,Primo Hiring,1-2 Yrs,Not disclosed,"Kolkata, Mumbai, Hyderabad/Secunderabad, Pune, Chennai, Bangalore/Bengaluru", Knowledge of statistics and experience using statistical packages for analyzing dataset...,"['Data Analytics', 'Consulting - BFSI', 'Data Management', 'Data Governance', 'Statistics', 'Analytics', 'SQL']"
10,https://www.naukri.com/job-listings-crisil-hiring-for-data-analyst-crisil-limited-pune-bangalore-bengaluru-mumbai-all-areas-8-to-12-years-260522002601?src=jobsearchDesk&sid=165374412419953&xp=11&px=1,Job | Crisil | Hiring For Data Analyst,Crisil,8-12 Yrs,Not disclosed,"Pune, Bangalore/Bengaluru, Mumbai (All Areas)"," Dear Candidate, Greetings from Crisil !!!!We are hiring Data Analyst role for Chennai/P...","['python', 'SAS', 'Bigdata', 'Data Analyst', 'SQL', 'Data Analaysis', 'Data Analytics']"
11,https://www.naukri.com/job-listings-data-analyst-operations-ingram-micro-i-pvt-ltd-mumbai-3-to-6-years-280522001157?src=jobsearchDesk&sid=165374412419953&xp=12&px=1,Data Analyst - Operations,Ingram Micro,3-6 Yrs,"5,00,000 - 10,00,000 PA.",Mumbai(Vikhroli), Category Full TimeEducation Qualification Bachelors degree essentialDegree / Diploma in...,"['Tableau', 'Data Analytics', 'excel', 'data analysis', 'data management', 'data representation', 'gap analysis', 'data maintenance']"
12,https://www.naukri.com/job-listings-business-data-analyst-luxoft-bangalore-bengaluru-3-to-8-years-270522502638?src=jobsearchDesk&sid=165374412419953&xp=13&px=1,Business Data Analyst,Luxoft,3-8 Yrs,Not disclosed,Bangalore/Bengaluru, Provide End to End Development solution to one of the largest investment banking produc...,"['Data migration', 'Interpersonal skills', 'Data conversion', 'Data modeling', 'Business Data Analyst', 'Investment banking', 'Analytics', 'Python']"
13,https://www.naukri.com/job-listings-pdm-data-analyst-schneider-electric-india-pvt-ltd-bangalore-bengaluru-3-to-5-years-280522500038?src=jobsearchDesk&sid=165374412419953&xp=14&px=1,PDM Data Analyst,Schneider Electric,3-5 Yrs,Not disclosed,Bangalore/Bengaluru, Roles Responsibilities: In strong interaction with the owners of the IT platforms in sc...,"['Procurement', 'Unix', 'Data analysis', 'ERP', 'Linux', 'AutoCAD', 'Analytical', 'Javascript']"
14,https://www.naukri.com/job-listings-data-analyst-iv-ic-role-walmart-labs-bangalore-bengaluru-4-to-8-years-270522502410?src=jobsearchDesk&sid=165374412419953&xp=15&px=1,Data Analyst IV - IC Role,Walmart,4-8 Yrs,Not disclosed,Bangalore/Bengaluru, Incumbent should have a strong proficiency in R / Python and SQL with a similar capabil...,"['R', 'SQL', 'NoSQL', 'Python', 'IT Skills', 'Testing', 'Machine Learning', 'Computer science']"
15,https://www.naukri.com/job-listings-reference-data-analyst-deutsche-bank-bangalore-bengaluru-2-to-5-years-260522500569?src=jobsearchDesk&sid=165374412419953&xp=16&px=1,Reference Data Analyst,Deutsche Bank,2-5 Yrs,Not disclosed,Bangalore/Bengaluru," Minimum Bachelor s degree or equivalent in relevant field Owning the issues, resolve it...","['Front office', 'Automation', 'Team management', 'Fixed income', 'SSI', 'Swaps', 'Data Analyst', 'Cam']"
16,https://www.naukri.com/job-listings-merilytics-business-analyst-data-analytics-iit-nit-bits-meritus-intelytics-private-limited-hyderabad-secunderabad-0-to-3-years-250522003708?src=jobsearchDesk&sid=165374412419953&xp=17&px=1,Merilytics - Business Analyst - Data Analytics -IIT/NIT/BITS,Meritus Intelytics Private Limited,0-3 Yrs,Not disclosed,Hyderabad/Secunderabad," A willingness to learn and adopt the best practices in statistics, BI reporting, predic...","['excel', 'analytics', 'python', 'business analysis', 'sql', 'data analysis', 'problem solving', 'statistics']"
17,https://www.naukri.com/job-listings-data-analyst-python-artificial-intelligence-imindyourbusiness-kolkata-mumbai-hyderabad-secunderabad-pune-ahmedabad-delhi-ncr-bangalore-bengaluru-0-to-2-years-200522905517?src=jobsearchDesk&sid=165374412419953&xp=18&px=1,Data Analyst - Python/Artificial Intelligence,iMindYourBusiness,0-2 Yrs,Not disclosed,"Kolkata, Mumbai, Hyderabad/Secunderabad, Pune, Ahmedabad, Delhi / NCR, Bangalore/Bengaluru", Candidates must have ability to work from home and also in a position to use their pers...,"['Python', 'VBA', 'C++', 'Advanced Excel', 'SQL server', 'IT Skills', 'Data Science', 'Artificial Intelligence']"
18,https://www.naukri.com/job-listings-data-information-management-analyst-citicorp-services-india-pvt-ltd-chennai-0-to-2-years-240522007658?src=jobsearchDesk&sid=165374412419953&xp=19&px=1,Data/Information Management Analyst,Citicorp Finance,0-2 Yrs,Not disclosed,Chennai, Bachelors / University degree or equivalent experience 2 years relevant experience Good...,"['SAS', 'Data analyst', 'Data Analysis']"
19,https://www.naukri.com/job-listings-data-information-analyst-citicorp-services-india-pvt-ltd-chennai-0-to-3-years-240522007275?src=jobsearchDesk&sid=165374412419953&xp=20&px=1,Data/Information Analyst,Citicorp Finance,0-3 Yrs,Not disclosed,Chennai, Bachelors / University degree or equivalent experience 2 years relevant experience Good...,"['Data Analysis', 'SAS', 'Data Administrator', 'Data Analytics']"
20,https://www.naukri.com/job-listings-data-analyst-online-ecommerce-primo-hiring-kolkata-chennai-bangalore-bengaluru-delhi-ncr-3-to-6-years-270522905999?src=jobsearchDesk&sid=1653744128531131&xp=1&px=2,Data Analyst - Online/eCommerce,Primo Hiring,3-6 Yrs,Not disclosed,"Kolkata, Chennai, Bangalore/Bengaluru, Delhi / NCR", SKILLS REQUIRED : - Previous experience in data analysis Knowledge of statistics and ex...,"['Data Analytics', 'SAS', 'Data Mining', 'Statistics', 'Analytics']"
21,https://www.naukri.com/job-listings-data-analyst-business-analyst-us-mnc-analytics-aspyra-hr-services-gurgaon-gurugram-bangalore-bengaluru-delhi-ncr-2-to-7-years-270522008429?src=jobsearchDesk&sid=1653744128531131&xp=2&px=2,Data Analyst / Business Analyst  - US MNC (Analytics),Aspyra HR Services  ,2-7 Yrs,"12,00,000 - 22,00,000 PA.","Gurgaon/Gurugram, Bangalore/Bengaluru, Delhi / NCR(WFH during Covid)", Preference: immediate joiners or who can join in 30 days,"['SQL', 'python', 'data analysis', 'data analytics', 'sas', 'Business Analysis']"
22,https://www.naukri.com/job-listings-business-analyst-data-analysis-anlage-infotech-i-pvt-ltd-hyderabad-secunderabad-bangalore-bengaluru-5-to-10-years-110522004527?src=jobsearchDesk&sid=1653744128531131&xp=3&px=2,Business analyst + data Analysis,Anlage Infotech (I) Pvt. Ltd.   ,5-10 Yrs,Not disclosed,"Hyderabad/Secunderabad, Bangalore/Bengaluru", About this role:Experience-5+yrsLocations-Bangalore/Hyderabadseeking a Senior Technolog...,"['business analysis', 'Teradata', 'JIRA', 'banking', 'agile', 'Gap Analysis', 'Use Cases', 'Requirement Gathering']"
23,https://www.naukri.com/job-listings-data-analyst-total-marketing-support-india-private-limited-gurgaon-gurugram-0-to-4-years-200522009962?src=jobsearchDesk&sid=1653744128531131&xp=4&px=2,Data Analyst,TOTAL MARKETING SUPPORT INDIA PRIVATE LIMITED ,0-4 Yrs,"3,00,000 - 8,00,000 PA.",Gurgaon/Gurugram," To qualify for the role, you must have Preferred Analytics background candidate 4 years...","['Power Bi', 'Power Bi Dashboards', 'Excel', 'Data Engineering', 'Data Analysis', 'Data Visualization', 'Power Query']"
24,https://www.naukri.com/job-listings-data-analyst-snaphunt-hyderabad-secunderabad-0-to-5-years-180322002583?src=jobsearchDesk&sid=1653744128531131&xp=5&px=2,Data Analyst,Snaphunt,0-5 Yrs,"20,00,000 - 30,00,000 PA.",Hyderabad/Secunderabad, Great work environmentExcellent career development opportunitiesLeadership RoleOur clie...,"['data analysis', 'Data Warehousing', 'PowerBI', 'Aws', 'Hive', 'Tableau', 'communication', 'SQL']"
25,https://www.naukri.com/job-listings-intern-data-analyst-outsource-big-data-bangalore-bengaluru-0-to-1-years-210522500420?src=jobsearchDesk&sid=1653744128531131&xp=6&px=2,Intern Data Analyst,Outsource Big Data,0-1 Yrs,Not disclosed,Bangalore/Bengaluru, Good understanding / experience in web data extraction dimensional data from databases ...,"['Automation', 'Data management', 'Analytical', 'Data mining', 'Project delivery', 'Digital marketing', 'Analytics', 'SQL']"
26,https://www.naukri.com/job-listings-reporting-data-analyst-role-equiniti-india-private-limited-chennai-bangalore-bengaluru-3-to-5-years-171121003378?src=jobsearchDesk&sid=1653744128531131&xp=7&px=2,Reporting & data Analyst role,Equiniti ICS,3-5 Yrs,Not disclosed,"Chennai, Bangalore/Bengaluru"," Job DescriptionEquiniti Group Internal Audit is an independent, objective assurance and...","['Excel', 'Finance', 'Data Management', 'Data Analysis', 'Data Extraction', 'Advanced Excel', 'Data Analytics', 'Powerpoint']"
27,https://www.naukri.com/job-listings-data-analyst-data-and-analytics-intel-technology-india-pvt-ltd-bangalore-bengaluru-3-to-6-years-240522500343?src=jobsearchDesk&sid=1653744128531131&xp=8&px=2,Data Analyst - Data and Analytics,Intel,3-6 Yrs,Not disclosed,Bangalore/Bengaluru," Works with Product owners and business to develop required training, change management ...","['Computer science', 'Change management', 'metadata', 'Data management', 'Enterprise architecture', 'Analytical', 'Scrum', 'Data quality']"
28,https://www.naukri.com/job-listings-business-data-analyst-m-amp-g-plc-mumbai-0-to-3-years-200522501534?src=jobsearchDesk&sid=1653744128531131&xp=9&px=2,Business Data Analyst,M&amp;G plc,0-3 Yrs,Not disclosed,Mumbai," Manages risks using expert judgment, know-how and experience","['Business transformation', 'Data management', 'Management consulting', 'Actuarial', 'Data quality', 'Customer service', 'Operations', 'Information technology']"
29,https://www.naukri.com/job-listings-junior-data-analyst-scientist-fresher-position-sejal-consulting-hub-bangalore-bengaluru-0-to-3-years-170522009530?src=jobsearchDesk&sid=1653744128531131&xp=10&px=2,Junior Data Analyst/ Scientist- Fresher Position,Sejal Consulting Hub ,0-3 Yrs,"4,00,000 - 7,00,000 PA.",Remote, Willingness to work beyond traditional working hours / days as required by the business...,"['Data Analysis', 'C++', 'Data Visualization', 'Advanced Excel', 'Tableau', 'Python']"
30,https://www.naukri.com/job-listings-senior-data-analyst-psyinnovations-india-private-limited-gurgaon-gurugram-delhi-ncr-5-to-8-years-260522006393?src=jobsearchDesk&sid=1653744128531131&xp=11&px=2,Senior Data Analyst,Psyinnovations India Private Limited,5-8 Yrs,Not disclosed,"Gurgaon/Gurugram, Delhi / NCR(WFH during Covid)", Roles and Responsibilities Upright Technologies (which was recently acquired by Dario H...,"['data analysis', 'Data Analytics', 'python', 'R', 'Product', 'SQL', 'Marketing']"
31,https://www.naukri.com/job-listings-senior-data-analyst-reporting-analytics-spins-solutions-remote-2-to-4-years-260522501832?src=jobsearchDesk&sid=1653744128531131&xp=12&px=2,"Senior Data Analyst, Reporting & Analytics",Spins Solutions,2-4 Yrs,Not disclosed,remote, What You Will Do We are continually onboarding and analyzing a massive amount of new fo...,"['Operations research', 'Project management', 'Analytical', 'Consulting', 'Data collection', 'Data processing', 'Data Analyst', 'Business solutions']"
32,https://www.naukri.com/job-listings-senior-data-analyst-gartner-india-research-amp-advisory-services-pvt-ltd-gurgaon-gurugram-2-to-5-years-260522501341?src=jobsearchDesk&sid=1653744128531131&xp=13&px=2,Senior Data Analyst,Gartner India Research &amp; Advisory Services Pvt Ltd,2-5 Yrs,Not disclosed,Gurgaon/Gurugram, Must possess a willingness and aptitude to embrace new technologies / ideas and master ...,"['IT Skills', 'Sharepoint', 'Tableau', 'Power BI', 'Computer science', 'Business analysis', 'Agile', 'Scrum']"
33,https://www.naukri.com/job-listings-professional-2-data-analyst-dxc-technology-noida-5-to-8-years-270522502746?src=jobsearchDesk&sid=1653744128531131&xp=14&px=2,Professional 2 Data Analyst,DXC Technology,5-8 Yrs,Not disclosed,Noida, Bachelor s degree in Computer Science or similar field or equivalent work experience. 5...,"['TWS', 'verbal communication', 'Informatica Power Exchange', 'Python', 'AWS', 'SQL', 'written', 'UNIX shell scripting']"
34,https://www.naukri.com/job-listings-data-analyst-carlson-wagonlit-travel-gurgaon-gurugram-2-to-6-years-270522501866?src=jobsearchDesk&sid=1653744128531131&xp=15&px=2,Data Analyst,CWT,2-6 Yrs,Not disclosed,Gurgaon/Gurugram, Other tasks and responsibilities as required As such the candidate will have experience...,"['Business process', 'Service level', 'Travel management', 'Back office', 'Manager Technology', 'data integrity', 'Data quality', 'Monitoring']"
35,https://www.naukri.com/job-listings-environment-sustainability-data-analyst-capgemini-technology-services-india-limited-mumbai-2-to-4-years-260522907410?src=jobsearchDesk&sid=1653744128531131&xp=16&px=2,Environment Sustainability Data Analyst,Capgemini,2-4 Yrs,Not disclosed,Mumbai," Graduate in Environmental Science, Energy management or related fields Ability to struc...","['Environmental science', 'Excel', 'SBU', 'Management', 'Energy management', 'MS Excel', 'written communication', 'verbal']"
36,https://www.naukri.com/job-listings-senior-data-analyst-4-7-years-etl-informatica-tableau-alteryx-eygbs-india-llp-india-4-to-7-years-060422007764?src=jobsearchDesk&sid=1653744128531131&xp=17&px=2,"Senior Data Analyst 4-7 years - ETL, Informatica, Tableau, Alteryx",EY,4-7 Yrs,Not disclosed,India, BSc / MSc / BE / B Tech / M Tech in Computer Science with a techno functional backgroun...,"['ETL', 'Excel', 'data analytics', 'Alteryx', 'Tableau', 'Informatica', 'data analyst', 'sql']"
37,https://www.naukri.com/job-listings-data-analyst-global-upside-india-pvt-ltd-kolkata-hyderabad-secunderabad-pune-chennai-ahmedabad-bangalore-bengaluru-delhi-ncr-mumbai-all-areas-5-to-10-years-260522609873?src=jobsearchDesk&sid=1653744128531131&xp=18&px=2,Data Analyst,GLOBAL UPSIDE India Pvt Ltd,5-10 Yrs,Not disclosed,"Kolkata, Hyderabad/Secunderabad, Pune, Chennai, Ahmedabad, Bangalore/Bengaluru, Delhi / NCR, Mumbai (All Areas)", Understanding and experience with modern database and information system technologies P...,"['Financial data analyst', 'Data Analysis', 'Data Analyst', 'Financial Analyst']"
38,https://www.naukri.com/job-listings-data-analyst-global-upside-india-pvt-ltd-kolkata-hyderabad-secunderabad-pune-chennai-ahmedabad-bangalore-bengaluru-delhi-ncr-mumbai-all-areas-5-to-10-years-260522009871?src=jobsearchDesk&sid=1653744128531131&xp=19&px=2,Data Analyst,GLOBAL UPSIDE India Pvt Ltd,5-10 Yrs,Not disclosed,"Kolkata, Hyderabad/Secunderabad, Pune, Chennai, Ahmedabad, Bangalore/Bengaluru, Delhi / NCR, Mumbai (All Areas)", Understanding and experience with modern database and information system technologies P...,"['Financial data analyst', 'Data Analysis', 'Data Analyst', 'Financial Analyst']"
39,https://www.naukri.com/job-listings-hiring-for-clinical-data-management-data-analyst-and-team-lead-role-career-guideline-services-india-pvt-ltd-kolkata-pune-mumbai-all-areas-2-to-7-years-170522003374?src=jobsearchDesk&sid=1653744128531131&xp=20&px=2,Hiring For Clinical Data Management (Data analyst and Team Lead role),Career Guideline services India Pvt. ltd ,2-7 Yrs,"4,00,000 - 9,00,000 PA.","Kolkata, Pune, Mumbai (All Areas)(WFH during Covid)"," Rotational shiftExperience on all phases of CDM is mandatory, executing relevant core C...","['clinical data management', 'inform', 'conduct', 'closeout', 'Rave', 'cdm', 'Medical Coding', 'Startup']"
40,https://www.naukri.com/job-listings-virtue-analytics-data-analyst-virtue-analytics-lucknow-3-to-5-years-260522909025?src=jobsearchDesk&sid=16537441319072675&xp=1&px=3,Virtue Analytics - Data Analyst,Virtue Analytics,3-5 Yrs,Not disclosed,Lucknow, EDUCATION: Bachelors and above A keen ability to story board data and good communicatio...,"['Analytics', 'Predictive Modeling', 'Data Management', 'Data Mining', 'Data Modeling', 'Data Analytics', 'Machine Learning']"
41,https://www.naukri.com/job-listings-sr-data-analyst-ii-cbre-group-hyderabad-secunderabad-10-to-15-years-210522500657?src=jobsearchDesk&sid=16537441319072675&xp=2&px=3,Sr Data Analyst - II,CBRE Group,10-15 Yrs,Not disclosed,Hyderabad/Secunderabad, Having 9+ years of experience in analyzing various sources and formats of data. Should ...,"['Business process', 'Data analysis', 'SAS', 'XML', 'Analytical', 'Data Analyst', 'Analyst II', 'SPSS']"
42,https://www.naukri.com/job-listings-data-analyst-business-analyst-for-a-freelance-firm-avr-freelance-support-thrissur-trichur-0-to-2-years-270522002387?src=jobsearchDesk&sid=16537441319072675&xp=3&px=3,Data Analyst/Business Analyst For a Freelance Firm,AvR Freelance Support  ,N/A,Not disclosed,Thrissur/Trichur, BE / BTech/Bsc / Msc candidates with above average mathematical skills preferredExperie...,"['Excel', 'SQL', 'Google Sheets', 'Python']"
43,https://www.naukri.com/job-listings-data-analyst-business-analyst-metro-cash-and-carry-india-pvt-ltd-bangalore-bengaluru-3-to-8-years-130522603086?src=jobsearchDesk&sid=16537441319072675&xp=4&px=3,Data Analyst / Business Analyst,METRO Cash & Carry,3-8 Yrs,"15,00,000 - 27,50,000 PA.",Bangalore/Bengaluru, Data Analyst / Business Analyst with Python experienceMetros Data Analyst team is respo...,"['Python', 'VBA', 'analyst', 'business analyst', 'Analytics', 'data analyst']"
44,https://www.naukri.com/job-listings-data-analyst-business-analyst-metro-cash-and-carry-india-pvt-ltd-bangalore-bengaluru-3-to-8-years-130522003084?src=jobsearchDesk&sid=16537441319072675&xp=5&px=3,Data Analyst / Business Analyst,METRO Cash & Carry,3-8 Yrs,"15,00,000 - 27,50,000 PA.",Bangalore/Bengaluru, Data Analyst / Business Analyst with Python experienceMetros Data Analyst team is respo...,"['Python', 'VBA', 'analyst', 'business analyst', 'Analytics', 'data analyst']"
45,https://www.naukri.com/job-listings-hiring-freshers-data-research-analyst-managed-investment-data-morningstar-india-p-ltd-mumbai-0-to-2-years-180522012929?src=jobsearchDesk&sid=16537441319072675&xp=6&px=3,Hiring Freshers - Data Research Analyst - Managed Investment Data,Morningstar,0-2 Yrs,"3,00,000 - 4,75,000 PA.",Mumbai(Sector 30A Vashi), Title: Data Research AnalystDepartment: Managed Investment DataTeam: Emerging Group & P...,"['Finance', 'Fundamentals', 'Equity', 'Data Research', 'Financial Analysis', 'Research Analysis', 'Data Collection']"
46,https://www.naukri.com/job-listings-sr-data-analyst-india-luminar-technologies-delhi-ncr-4-to-9-years-080422010059?src=jobsearchDesk&sid=16537441319072675&xp=7&px=3,Sr. Data Analyst (India),Luminar Technologies,4-9 Yrs,Not disclosed,Delhi / NCR," Experience with creating dashboards for Internal Audit, Finance, and Accounting teams i...","['Data Analyst', 'Power BI', 'Senior Data Analyst', 'Data Analysis', 'SQL Queries', 'Tableau', 'sox']"
47,https://www.naukri.com/job-listings-senior-analyst-procurement-reporting-power-bi-vba-data-analytics-northern-trust-corp-bangalore-bengaluru-3-to-5-years-270522501415?src=jobsearchDesk&sid=16537441319072675&xp=8&px=3,"Senior Analyst, Procurement Reporting(Power BI, VBA, Data Analytics)",Northern Trust Corp.,3-5 Yrs,Not disclosed,Bangalore/Bengaluru," A College or University degree in Business, Supply Chain Management or Finance and / or...","['Procurement', 'Supply chain management', 'Automation', 'Bloomberg', 'Senior Analyst', 'Consulting', 'Business intelligence', 'Oracle']"
48,https://www.naukri.com/job-listings-senior-data-analyst-qualitest-india-private-limited-bangalore-bengaluru-5-to-8-years-250522501618?src=jobsearchDesk&sid=16537441319072675&xp=9&px=3,Senior Data Analyst,Qualitest India Private Limited,5-8 Yrs,Not disclosed,Bangalore/Bengaluru, 8 years experience in Data Analytics,"['Process improvement', 'Analytical', 'Data collection', 'Database', 'Data analytics', 'Data Analyst', 'Management']"
49,https://www.naukri.com/job-listings-senior-data-analyst-go-jek-engineering-bangalore-bengaluru-3-to-9-years-180522501231?src=jobsearchDesk&sid=16537441319072675&xp=10&px=3,Senior Data Analyst,Gojek,3-9 Yrs,Not disclosed,Bangalore/Bengaluru, Prior experience (research or industry) in the geospatial and mapping domain is a bonus...,"['Automation', 'Data analysis', 'Data management', 'Machine learning', 'Data quality', 'SDK', 'Gaming', 'Financial services']"
50,https://www.naukri.com/job-listings-senior-data-analyst-sql-tableau-global-employees-kolkata-mumbai-hyderabad-secunderabad-pune-bangalore-bengaluru-7-to-12-years-160522901600?src=jobsearchDesk&sid=16537441319072675&xp=11&px=3,Senior Data Analyst - SQL/Tableau,Global Employees,7-12 Yrs,Not disclosed,"Kolkata, Mumbai, Hyderabad/Secunderabad, Pune, Bangalore/Bengaluru"," Qualifications : - Experience (3+ years, 4 Preferred) in a hands-on analytical role wit...","['DATABASE', 'SQL', 'analytical', 'Tableau', 'communication', 'Advanced Excel', 'IT Skills', 'Testing']"
51,https://www.naukri.com/job-listings-data-ba-data-analysis-deep-learning-application-mindtree-limited-hyderabad-secunderabad-pune-chennai-bangalore-bengaluru-delhi-ncr-mumbai-all-areas-5-to-10-years-210522003141?src=jobsearchDesk&sid=16537441319072675&xp=12&px=3,"Data BA Data Analysis, Deep Learning Application",Mindtree,5-10 Yrs,"14,00,000 - 24,00,000 PA.","Hyderabad/Secunderabad, Pune, Chennai, Bangalore/Bengaluru, Delhi / NCR, Mumbai (All Areas)", Role :Data BA with Analytics experience Data scientist who has experience working in Me...,['Data BA']
52,https://www.naukri.com/job-listings-legal-operations-data-analyst-i-p-invoice-focused-applied-materials-india-private-limited-bangalore-bengaluru-4-to-7-years-250522904509?src=jobsearchDesk&sid=16537441319072675&xp=13&px=3,Legal Operations Data Analyst (I P Invoice Focused),Applied Materials,4-7 Yrs,Not disclosed,Bangalore/Bengaluru," Located within the Legal and Compliance Organization (LCO), this role will have the res...","['Legal Operations', 'Data Visualization', 'Intellectual Property', 'Legal Compliance', 'Trademark']"
53,https://www.naukri.com/job-listings-lead-data-analyst-cognizant-technology-solutions-india-pvt-ltd-hyderabad-secunderabad-pune-chennai-bangalore-bengaluru-delhi-ncr-mumbai-all-areas-4-to-9-years-240522010192?src=jobsearchDesk&sid=16537441319072675&xp=14&px=3,Lead Data Analyst,Cognizant,4-9 Yrs,"7,00,000 - 17,00,000 PA.","Hyderabad/Secunderabad, Pune, Chennai, Bangalore/Bengaluru, Delhi / NCR, Mumbai (All Areas)", Its A team lead position Roles and Responsibilities 1. Measure the profitability of Bus...,"['Exploratory Data Analysis', 'Data Analysis', 'RDBM', 'IT Skills', 'Python', 'Testing', 'Tableau', 'Excel']"
54,https://www.naukri.com/job-listings-reference-data-analyst-deutsche-bank-bangalore-bengaluru-2-to-5-years-210522500090?src=jobsearchDesk&sid=16537441319072675&xp=15&px=3,Reference Data Analyst,Deutsche Bank,2-5 Yrs,Not disclosed,Bangalore/Bengaluru, Must have strong organization skills the ability to work and review samples independent...,"['Excel', 'Senior Analyst', 'Diversity and Inclusion', 'Data Analyst', 'Training and Development', 'Taxation', 'Monitoring']"
55,https://www.naukri.com/job-listings-manager-sales-data-analyst-gurugram-varun-beverages-limited-gurgaon-gurugram-4-to-9-years-250522003792?src=jobsearchDesk&sid=16537441319072675&xp=16&px=3,"Manager - Sales Data Analyst , Gurugram",VBL,4-9 Yrs,"13,00,000 - 18,00,000 PA.",Gurgaon/Gurugram, JOB SPECIFICATIONS:JOB TITLE: Manager - Sales Data Analytics TYPE OF EMPLOYMENT: Perman...,"['Power Bi', 'Data Analysis', 'Tableau']"
56,https://www.naukri.com/job-listings-ecommerce-marketing-ppc-data-analyst-pro-mart-industries-inc-united-states-usa-2-to-7-years-230522009953?src=jobsearchDesk&sid=16537441319072675&xp=17&px=3,Ecommerce Marketing PPC Data Analyst,"Pro-Mart Industries, Inc.",2-7 Yrs,Not disclosed,Remote, Minimum 3 years experience of B2B and B2C sales through online channels,"['Pay Per Click', 'PPC', 'Ecommerce Marketing', 'amazon seller central', 'data analysis', 'Data Management', 'consumer products', 'Marketing Campaigns']"
57,https://www.naukri.com/job-listings-business-data-analyst-randstad-india-private-limited-mumbai-all-areas-1-to-5-years-230522000801?src=jobsearchDesk&sid=16537441319072675&xp=18&px=3,Business Data Analyst,Randstad India Private Limited ,1-5 Yrs,"4,00,000 - 7,00,000 PA.",Mumbai (All Areas)," Roles and Responsibilities : Performs data collection and analysis, financial modeling,...","['Fund Accounting / Investment Accounting / Trades / Settlement / Cash / Transfer Agency / Reconcilliation', 'investment accounting', 'Fund Accounting', 'Reconciliation', 'mutual funds', 'Fund Administration']"
58,https://www.naukri.com/job-listings-technical-data-analyst-datumlyze-pvt-ltd-chennai-0-to-2-years-040222005193?src=jobsearchDesk&sid=16537441319072675&xp=19&px=3,Technical Data Analyst,Datumlyze Pvt Ltd,0-2 Yrs,"1,75,000 - 4,00,000 PA.",Chennai(WFH during Covid), Technical Data AnalystWORK FROM HOME. NEED TO HAVE LAPTOP/COMPUTER WITH GOOD FIXED BROA...,"['Pivot Table', 'Excel', 'VLOOKUP', 'Linux', 'Data Analysis', 'MS Office', 'communication', 'Unix']"
59,https://www.naukri.com/job-listings-senior-data-analyst-sme-banking-dbs-bank-india-limited-mumbai-mumbai-suburban-mumbai-all-areas-8-to-13-years-130522000528?src=jobsearchDesk&sid=16537441319072675&xp=20&px=3,"Senior Data Analyst, SME Banking",DBS Bank,8-13 Yrs,"9,50,000 - 19,50,000 PA.","Mumbai, Mumbai Suburban, Mumbai (All Areas)", Experience in Corporate banking Small & Medium Enterprise Education / Preferred Qualifi...,"['SAS', 'Tableau', 'QlikView', 'SQL', 'Python', 'VBA', 'Data Analytics']"
60,https://www.naukri.com/job-listings-data-analyst-2-alliancedata-bangalore-bengaluru-2-to-5-years-270522501204?src=jobsearchDesk&sid=16537441348911514&xp=1&px=4,"Data Analyst, 2",AllianceData,2-5 Yrs,Not disclosed,Bangalore/Bengaluru," Bachelor s degree Bachelor s Degree (Required), Master s Degree Minimum Required Prefer...","['Microstrategy', 'Computer science', 'Career development', 'SAS', 'Business analysis', 'Wellness', 'Data mining', 'Financial services']"
61,https://www.naukri.com/job-listings-bi-and-data-analyst-domo-ignitho-technologies-india-private-ltd-chennai-bangalore-bengaluru-4-to-8-years-270522003633?src=jobsearchDesk&sid=16537441348911514&xp=2&px=4,BI and Data Analyst (DOMO),Ignitho,4-8 Yrs,Not disclosed,"Chennai, Bangalore/Bengaluru"," Experienced working with technology or a related field, with experiences preferred in o...","['domo', 'data analysis', 'SQL', 'PowerBI', 'Tableau', 'data warehouses', 'BI', 'data lakes']"
62,https://www.naukri.com/job-listings-data-analyst-data-mining-lululemon-talent500-tech-india-private-limited-bangalore-bengaluru-5-to-8-years-260522008251?src=jobsearchDesk&sid=16537441348911514&xp=3&px=4,Data Analyst - Data Mining | Lululemon,TALENT500 TECH (INDIA) PRIVATE LIMITED,5-8 Yrs,Not disclosed,Bangalore/Bengaluru, Who we are? lululemon is a yoga-inspired technical apparel company up to big things. Th...,['Data Mining']
63,https://www.naukri.com/job-listings-data-analyst-rws-moravia-india-private-limited-indore-bangalore-bengaluru-mumbai-all-areas-3-to-6-years-260522007757?src=jobsearchDesk&sid=16537441348911514&xp=4&px=4,Data Analyst,RWS Moravia,3-6 Yrs,Not disclosed,"Indore, Bangalore/Bengaluru, Mumbai (All Areas)", Experience coordinating information requirements from across multiple systemsProven exp...,"['SQL Server Reporting Services', 'ETL Techniques', 'Data Analysis']"
64,https://www.naukri.com/job-listings-lead-analyst-product-revenue-data-analyst-zscaler-inc-gurgaon-gurugram-3-to-10-years-270522500737?src=jobsearchDesk&sid=16537441348911514&xp=5&px=4,"Lead Analyst, Product Revenue (Data Analyst)",Zscaler Softech,3-10 Yrs,Not disclosed,Gurgaon/Gurugram, Bachelors or master s degree in Computer Science/ Management/ Statistics or related fie...,"['Computer science', 'Product management', 'tableau', 'Manager Technology', 'Data analytics', 'Data Analyst', 'Lead Analyst', 'SQL']"
65,https://www.naukri.com/job-listings-data-analyst-sierentz-global-merchants-india-pvt-ltd-gurgaon-gurugram-7-to-12-years-260522010762?src=jobsearchDesk&sid=16537441348911514&xp=6&px=4,Data Analyst,Sierentz Global Merchants India Pvt Ltd,7-12 Yrs,Not disclosed,Gurgaon/Gurugram," Experience with databases, preferably PostgreSQLNo outsourcing to other companies (in-h...","['Python Data Analytics', 'Data Analysis', 'machine learning']"
66,https://www.naukri.com/job-listings-data-analyst-product-bold-technology-systems-private-limited-noida-3-to-6-years-111121000505?src=jobsearchDesk&sid=16537441348911514&xp=7&px=4,Data Analyst- Product,BOLD Technology Systems,3-6 Yrs,Not disclosed,Noida," Experience in performing quantitative analysis, preferably for an internet or technolog...","['Google Analytics', 'A/B Testing', 'Data Analysis', 'SQL Server', 'Data Analytics', 'IT Skills', 'Python', 'Tableau']"
67,https://www.naukri.com/job-listings-data-analyst-business-analyst-freshers-freelancer-varsha-abhijeet-kakde-pune-0-to-2-years-240522007064?src=jobsearchDesk&sid=16537441348911514&xp=8&px=4,Data Analyst & Business Analyst Freshers,Freelancer Varsha Abhijeet Kakde  ,0-2 Yrs,"2,75,000 - 5,50,000 PA.",Pune, A Data Analyst interprets data and turns it into information which can offer ways to im...,"['Data Science', 'Algorithms', 'Data Management And Analysis', 'Business Analysis', 'SQL', 'Business Consulting', 'core and advance python programming', 'Data Management']"
68,https://www.naukri.com/job-listings-data-analyst-data-visualization-reporting-global-employees-kolkata-hyderabad-secunderabad-pune-ahmedabad-bangalore-bengaluru-delhi-ncr-5-to-10-years-160522901599?src=jobsearchDesk&sid=16537441348911514&xp=9&px=4,Data Analyst - Data Visualization & Reporting,Global Employees,5-10 Yrs,Not disclosed,"Kolkata, Hyderabad/Secunderabad, Pune, Ahmedabad, Bangalore/Bengaluru, Delhi / NCR", build solutions to have the maximum scale and self-service ability by partners Must be ...,"['DATA ANALYST', 'IT Skills', 'Testing', 'Tableau', 'BI Reporting', 'Business Intelligence', 'Work From Home', 'Power BI']"
69,https://www.naukri.com/job-listings-data-analyst-data-analytics-business-analyst-sql-python-sas-leading-us-mnc-into-analytics-gurgaon-gurugram-bangalore-bengaluru-delhi-ncr-2-to-7-years-130522000828?src=jobsearchDesk&sid=16537441348911514&xp=10&px=4,data analyst/ data analytics / Business analyst- SQL/Python/SAS,Leading US MNC into Analytics,2-7 Yrs,"10,00,000 - 20,00,000 PA.","Gurgaon/Gurugram, Bangalore/Bengaluru, Delhi / NCR(WFH during Covid)", Preference: immediate joiners or who can join in 15 days,"['sql', 'python', 'data analytics', 'data analysis', 'SAS']"
70,https://www.naukri.com/job-listings-sr-data-analyst-role-bridge-waves-kolkata-4-to-9-years-260522008275?src=jobsearchDesk&sid=16537441348911514&xp=11&px=4,Sr Data Analyst role,BRIDGE WAVES ,4-9 Yrs,"5,00,000 - 12,00,000 PA.",Kolkata, requirement for post of Sr Data analyst role with skills: min relevant exp 3 years plus...,"['SQL', 'tableau', 'MS excel', 'analytics', 'IT Skills', 'Data Management', 'Data Analytics']"
71,https://www.naukri.com/job-listings-data-analyst-2-paypal-holdings-inc-bangalore-bengaluru-1-to-3-years-240522500424?src=jobsearchDesk&sid=16537441348911514&xp=12&px=4,Data Analyst 2,PayPal,1-3 Yrs,Not disclosed,Bangalore/Bengaluru," We re looking for a data-driven, outcome-focused, and high performing Data Analyst/Scie...","['Unix', 'Mining', 'Data analysis', 'Analytical', 'Manager Technology', 'Data Analyst', 'Analytics', 'Financial services']"
72,https://www.naukri.com/job-listings-data-analyst-zolo-stays-bangalore-bengaluru-5-to-10-years-240522501548?src=jobsearchDesk&sid=16537441348911514&xp=13&px=4,Data Analyst,Zolostays,5-10 Yrs,Not disclosed,Bangalore/Bengaluru," You have prior experience as a Python Developer Good knowledge Django, Flask or similar...","['Computer science', 'Front end', 'Testing tools', 'Django', 'Analytical', 'Javascript', 'Data Analyst', 'Python']"
73,https://www.naukri.com/job-listings-title-data-analyst-analytics-location-bangalore-kennametal-shared-services-pvt-ltd-bangalore-bengaluru-3-to-5-years-190522005832?src=jobsearchDesk&sid=16537441348911514&xp=14&px=4,"Job Title: Data Analyst Analytics
Location: Bangalore 
",Kennametal Shared Services Pvt Ltd  ,3-5 Yrs,Not disclosed,Bangalore/Bengaluru(Whitefield), Job Summary: About the Role.Analyst Analytics has a strong technical background in the ...,"['SAP SQL', 'Data Warehouse Testing', 'sap hana', 'ETL Tool']"
74,https://www.naukri.com/job-listings-reference-and-pricing-data-analyst-saxo-india-pvt-ltd-gurgaon-gurugram-3-to-6-years-250522500553?src=jobsearchDesk&sid=16537441348911514&xp=15&px=4,Reference and Pricing Data Analyst,SAXO INDIA PVT. LTD.,3-6 Yrs,Not disclosed,Gurgaon/Gurugram, Experience in instrument and pricing data management,"['Service management', 'Operations Security', 'Data management', 'Enterprise architecture', 'Banking', 'Infrastructure', 'Business management', 'market data']"
75,https://www.naukri.com/job-listings-data-analyst-policy-esdm-new-delhi-nisg-national-institute-for-smart-government-new-delhi-4-to-9-years-240522001339?src=jobsearchDesk&sid=16537441348911514&xp=16&px=4,Data Analyst - Policy -ESDM- New Delhi,NISG (National Institute for Smart Government),4-9 Yrs,Not disclosed,New Delhi, Roles and Responsibilities Role: - Assisting in evidence-based policy design for electr...,"['Data Science', 'Business Intelligence', 'SAS', 'Data Analysis', 'Knime', 'Tableau', 'Data Analytics', 'Econometrics']"
76,https://www.naukri.com/job-listings-associate-data-analyst-neustar-inc-hyderabad-secunderabad-5-to-7-years-210522500321?src=jobsearchDesk&sid=16537441348911514&xp=17&px=4,Associate Data Analyst,Neustar,5-7 Yrs,Not disclosed,Hyderabad/Secunderabad," We are looking for an Associate Data Analyst to bring big data, marketing analytics, an...","['IT Skills', 'Python', 'Big Data', 'AWS', 'Digital Marketing', 'Tableau', 'Data analysis', 'Interpersonal skills']"
77,https://www.naukri.com/job-listings-business-analyst-data-shell-india-markets-private-limited-bangalore-bengaluru-3-to-6-years-270522904294?src=jobsearchDesk&sid=16537441348911514&xp=18&px=4,Business Analyst - Data,Shell,3-6 Yrs,Not disclosed,Bangalore/Bengaluru, Proficient in Data analysis8 yrs of experience with proficiency in Data analysisExpert ...,"['Data analysis', 'MS Azure', 'Data Lakes', 'Site Operation', 'Wet Stock Business', 'NFR', 'Loyalty']"
78,https://www.naukri.com/job-listings-business-data-analyst-shiprocket-delhi-ncr-2-to-4-years-230522909879?src=jobsearchDesk&sid=16537441348911514&xp=19&px=4,Business/Data Analyst,Shiprocket,2-4 Yrs,Not disclosed,Delhi / NCR, Candidate should be able to work on large data sets spread across various in-house prod...,"['Data Analysis', 'communication', 'Data mining', 'IT Skills', 'Machine Learning', 'Business Analytics', 'Data Manipulation', 'Finance']"
79,https://www.naukri.com/job-listings-data-gov-stewardship-sr-analyst-pepsi-foods-priv-limited-hyderabad-secunderabad-1-to-5-years-270522502429?src=jobsearchDesk&sid=16537441348911514&xp=20&px=4,Data Gov. & Stewardship Sr Analyst,PEPSI FOODS PRIV LIMITED,1-5 Yrs,Not disclosed,Hyderabad/Secunderabad, 2 years of strong Data Profiling experience ability to identify trends and anomalies in...,"['Business process', 'Supply chain', 'Data analysis', 'Business transformation', 'Demand planning', 'Data management', 'Data collection', 'Workflow']"
80,https://www.naukri.com/job-listings-senior-data-analyst-r-python-aim-recruits-greater-noida-2-to-4-years-230522910020?src=jobsearchDesk&sid=16537441378029283&xp=1&px=5,Senior Data Analyst - R/Python,AIM recruits,2-4 Yrs,Not disclosed,Greater Noida," Technical Skills : - Hands on experience of one or more statistical tools such as SAS, ...","['Python', 'R', 'RDBMS', 'Data Analyst', 'SQL Server', 'Data Analytics']"
81,https://www.naukri.com/job-listings-sr-data-analyst-oportun-inc-chennai-3-to-6-years-230522501153?src=jobsearchDesk&sid=16537441378029283&xp=2&px=5,Sr. Data Analyst,Oportun Inc,3-6 Yrs,Not disclosed,Chennai, Weâ€™re looking for an analytically minded and driven professional to join our Data Manag...,"['Data analysis', 'Data management', 'MIS', 'Intellectual property', 'Risk management', 'Business intelligence', 'Data warehousing', 'Analytics']"
82,https://www.naukri.com/job-listings-global-procurement-data-analytics-analyst-avp-deutsche-bank-jaipur-6-to-11-years-270522502492?src=jobsearchDesk&sid=16537441378029283&xp=3&px=5,Global Procurement Data & Analytics Analyst (AVP),Deutsche Bank,6-11 Yrs,Not disclosed,Jaipur," The person will be required to think on his feet, good with numbers and able to deliver...","['Procurement', 'Automation', 'Performance management', 'Infrastructure management', 'Project management', 'Consulting', 'Stakeholder management', 'Analytics']"
83,https://www.naukri.com/job-listings-data-analyst-hike-remote-2-to-6-years-250522500155?src=jobsearchDesk&sid=16537441378029283&xp=4&px=5,Data Analyst,Hike,2-6 Yrs,Not disclosed,Remote," You have a Bachelor s degree in Math, Statistics, Comp Science, Engineering, or other t...","['Interpersonal skills', 'Data modeling', 'Analytical', 'Machine learning', 'data visualization', 'Gaming', 'Statistics', 'SQL']"
84,https://www.naukri.com/job-listings-urgent-hiring-for-data-analyst-in-chennai-hcl-technologies-limited-chennai-3-to-7-years-180122006419?src=jobsearchDesk&sid=16537441378029283&xp=5&px=5,Urgent hiring For Data Analyst in Chennai,HCL Technologies,3-7 Yrs,Not disclosed,Chennai, Shift timings: Must be flexible to work in ANY shift timings (including night shifts) A...,"['Data analyst', 'Report Generation', 'MS office', 'Excel', 'SAP', 'Data Analysis', 'sharepoint', 'Dashboards']"
85,https://www.naukri.com/job-listings-data-analyst-uat-testing-immediate-joiner-uk-shift-flexible-hexaware-technologies-limited-pune-chennai-mumbai-all-areas-7-to-12-years-130522008389?src=jobsearchDesk&sid=16537441378029283&xp=6&px=5,Data Analyst / UAT testing - Immediate Joiner - UK Shift (flexible),Hexaware Technologies,7-12 Yrs,"16,00,000 - 22,50,000 PA.","Pune, Chennai, Mumbai (All Areas)(WFH during Covid)", In-depth domain knowledge of Financial Markets and a good understanding of Entity Secur...,"['User Acceptance Testing', 'Data Analysis', 'data analyst', 'Gap analysis', 'Entity Security', 'Agile', 'SQL', 'Jira']"
86,https://www.naukri.com/job-listings-senior-business-data-analyst-huquo-consulting-pvt-ltd-gurgaon-gurugram-1-to-3-years-210921908175?src=jobsearchDesk&sid=16537441378029283&xp=7&px=5,Senior Business Data Analyst,Huquo Consulting Pvt. Ltd,1-3 Yrs,Not disclosed,Gurgaon/Gurugram, Creating Business Requirement documents which can be submitted for review and approvals...,"['Operational Excellence', 'Process Automation', 'Design Development', 'Feasibility Analysis', 'Data Analysis', 'Solution Design', 'Strong Communication Skills', 'Business Analysis']"
87,https://www.naukri.com/job-listings-senior-business-data-analyst-bfs-huquo-consulting-pvt-ltd-gurgaon-gurugram-1-to-3-years-210222907192?src=jobsearchDesk&sid=16537441378029283&xp=8&px=5,Senior Business Data Analyst - BFS,Huquo Consulting Pvt. Ltd,1-3 Yrs,Not disclosed,Gurgaon/Gurugram, Creating Business Requirement documents which can be submitted for review and approvals...,"['RPA', 'operational excellence', 'process automation', 'Automation', 'Data Analyst', 'Robotics', 'Analytics']"
88,https://www.naukri.com/job-listings-sr-data-analyst-ii-ihs-markit-gurgaon-gurugram-3-to-6-years-190522500075?src=jobsearchDesk&sid=16537441378029283&xp=9&px=5,Sr Data Analyst II,IHS Markit,3-6 Yrs,Not disclosed,Gurgaon/Gurugram, Coding experience (preferably python) to write robust and high standard code experience...,"['IT Skills', 'Python', 'Testing', 'Machine Learning', 'PDF', 'Coding', 'Data Analyst', 'HTTP']"
89,https://www.naukri.com/job-listings-sr-data-analyst-ameriprise-financial-noida-3-to-5-years-160522502219?src=jobsearchDesk&sid=16537441378029283&xp=10&px=5,Sr. Data Analyst,Ameriprise Financial,3-5 Yrs,Not disclosed,Noida, Engineering Degree (BE/ BTECH) from a reputed institute Engage Business counterparts to...,"['SAS', 'Business analysis', 'data manipulation', 'Analytical', 'Financial planning', 'Programming', 'Data Analyst', 'Asset management']"
90,https://www.naukri.com/job-listings-sr-data-analyst-ameriprise-gurgaon-gurugram-3-to-4-years-130522903545?src=jobsearchDesk&sid=16537441378029283&xp=11&px=5,Sr. Data Analyst,Ameriprise Financial,3-4 Yrs,Not disclosed,Gurgaon/Gurugram, The candidate will be required to spend majority of time on ad-hoc analytics and report...,"['Sr. Data Analyst', 'Banking General']"
91,https://www.naukri.com/job-listings-data-analyst-role-erm-placement-services-p-ltd-kolkata-hyderabad-secunderabad-bangalore-bengaluru-2-to-7-years-230522002953?src=jobsearchDesk&sid=16537441378029283&xp=12&px=5,Data Analyst role.,ERM Placement Services (P) Ltd. ,2-7 Yrs,Not disclosed,"Kolkata, Hyderabad/Secunderabad, Bangalore/Bengaluru", Experience in building semi supervised / supervised models (Ex: customer segment models...,"['Data Anlalytics', 'Data Visualization', 'Python', 'SQL']"
92,https://www.naukri.com/job-listings-customer-data-analyst-sourcehov-a-lason-india-company-pune-5-to-10-years-270522500978?src=jobsearchDesk&sid=16537441378029283&xp=13&px=5,Customer Data Analyst,SourceHOV (A Lason India Company),5-10 Yrs,Not disclosed,Pune, A bachelor s degree in business or related field or an MBAA minimum of 5 years of exper...,"['BPO', 'data analysis', 'Product management', 'Business analysis', 'Time management', 'Analytical', 'Microsoft applications', 'Data Analyst']"
93,https://www.naukri.com/job-listings-data-analyst-skill-lync-chennai-1-to-6-years-260522010857?src=jobsearchDesk&sid=16537441378029283&xp=14&px=5,Data Analyst,Skill Lync,1-6 Yrs,"3,50,000 - 6,00,000 PA.",Chennai, Proven experience with creating and maintaining Business /Operations daily performance ...,"['dashboards', 'data analysis', 'Data Mining', 'Advanced Excel', 'Tableau', 'root cause analysis', 'Python', 'SQL']"
94,https://www.naukri.com/job-listings-lead-data-analyst-punchh-jaipur-3-to-8-years-270522501699?src=jobsearchDesk&sid=16537441378029283&xp=15&px=5,Lead Data Analyst,Punchh,3-8 Yrs,Not disclosed,Jaipur," Decently strong experience in developing, maintaining, and managing Tableau driven dash...","['Data analysis', 'Coding', 'MySQL', 'Agile', 'Customer support', 'Scrum', 'Analytics', 'Monitoring']"
95,https://www.naukri.com/job-listings-data-analyst-ii-advance-auto-parts-hyderabad-secunderabad-2-to-5-years-270522501174?src=jobsearchDesk&sid=16537441378029283&xp=16&px=5,Data Analyst II,Advance Auto Parts,2-5 Yrs,Not disclosed,Hyderabad/Secunderabad," This position is within the Data Analytics organization, responsible for defining requi...","['Db2', 'Debugging', 'Agile', 'data integrity', 'JSON', 'Troubleshooting', 'Teradata', 'JIRA']"
96,https://www.naukri.com/job-listings-data-analysts-gspann-technologies-inc-remote-5-to-10-years-270522501147?src=jobsearchDesk&sid=16537441378029283&xp=17&px=5,Data Analysts,"GSPANN Technologies, Inc",5-10 Yrs,Not disclosed,remote, Role and Responsibilities Gather requirements from the business team and translate them...,"['data analysis', 'ETL', 'Erwin', 'analytical', 'big data', 'RDBMS', 'NoSQL', 'ER Studio']"
97,https://www.naukri.com/job-listings-data-analyst-invoice-processing-sourcehov-a-lason-india-company-pune-1-to-2-years-270522501005?src=jobsearchDesk&sid=16537441378029283&xp=18&px=5,Data Analyst Invoice Processing,SourceHOV (A Lason India Company),1-2 Yrs,Not disclosed,Pune, Role Explanation Preferred touch typist but not mandatory. Minimum keying speed of 6500...,"['BPO', 'customer service', 'data entry', 'Excel', 'Office equipment', 'Accounting', 'Invoice processing', 'Data processing']"
98,https://www.naukri.com/job-listings-digital-data-analyst-eitb-global-infosolutions-private-limited-chennai-2-to-5-years-260522010004?src=jobsearchDesk&sid=16537441378029283&xp=19&px=5,Digital Data Analyst,EITB GLOBAL INFOSOLUTIONS PRIVATE LIMITED ,2-5 Yrs,"2,75,000 - 4,00,000 PA.",Chennai, Are you a Digital Data Analyst with proven experience looking for a role where you can ...,"['gtm', 'Website Analysis', 'google analytics', 'seo', 'Adobe Target', 'IT Skills', 'Testing', 'Tableau']"
99,https://www.naukri.com/job-listings-data-analyst-walk-in-interview-at-chennai-vestel-telecom-services-chennai-1-to-2-years-260522008403?src=jobsearchDesk&sid=16537441378029283&xp=20&px=5,Data Analyst - Walk-in Interview at Chennai,Vestel Telecom Services,1-2 Yrs,"1,75,000 - 3,00,000 PA.",Chennai(Anna Nagar), Candidate should have completed degree in BE /BSc /ME in CSEImmediate joiners are only ...,"['python', 'Data Analysis', 'MongoDB', 'hadoop', 'SQL']"
100,https://www.naukri.com/job-listings-data-analyst-ib-monotaro-private-limited-delhi-ncr-1-to-4-years-190422002219?src=jobsearchDesk&sid=1653744140697169&xp=1&px=6,Data Analyst,IB Monotaro Private Limited,1-4 Yrs,"3,00,000 - 7,00,000 PA.",Delhi / NCR(Ghitorni)," Eligibility Criteria: BE / BTech Graduates, Google Analytics, Advanced Analytics, Tech ...","['Business Intelligence', 'Data Analysis', 'Python', 'Data Science', 'Google Analytics', 'Analytical Skills', 'Web Technologies', 'Advanced Analytics']"
101,https://www.naukri.com/job-listings-data-analyst-sql-egverse-technology-solutions-private-limited-gandhinagar-1-to-3-years-160921002177?src=jobsearchDesk&sid=1653744140697169&xp=2&px=6,Data Analyst,EGVERSE TECHNOLOGY SOLUTIONS PRIVATE LIMITED,1-3 Yrs,Not disclosed,Gandhinagar(WFH during Covid), Night Shift allowance as per process Shift Time: 3:30PM - 12:30 AM/ 4:30PM 1:30PM Bache...,"['Data Analysis', 'Advance SQL', 'Google Cloud', 'IT Skills', 'Python', 'Data Science', 'Cloud', 'AWS']"
102,https://www.naukri.com/job-listings-data-analyst-digital-policy-solution-bgrs-bangalore-bengaluru-3-to-8-years-250522501287?src=jobsearchDesk&sid=1653744140697169&xp=3&px=6,"Data Analyst, Digital Policy Solution ",BGRS,3-8 Yrs,Not disclosed,Bangalore/Bengaluru," The Data Analyst, Digital Policy Solution /Rules, reporting to the Manager, Digital Pol...","['Computer science', 'Career development', 'Data analysis', 'Excel', 'Data management', 'Data structures', 'Wellness', 'Data quality']"
103,https://www.naukri.com/job-listings-data-analyst-etl-python-sql-steerlean-bangalore-bengaluru-3-to-7-years-240522902644?src=jobsearchDesk&sid=1653744140697169&xp=4&px=6,Data Analyst - ETL/Python/SQL,SteerLean,3-7 Yrs,Not disclosed,Bangalore/Bengaluru, Good analytical and conceptual problem solving skills Background in data quality or dat...,"['ETL', 'Business Intelligence', 'Data Quality', 'ETL Tools', 'Data Management', 'Data Analyst', 'SQL', 'Python']"
104,https://www.naukri.com/job-listings-data-analyst-intraedge-technologies-private-limited-bangalore-bengaluru-9-to-14-years-240522002712?src=jobsearchDesk&sid=1653744140697169&xp=5&px=6,Data Analyst,INTRAEDGE TECHNOLOGIES PRIVATE LIMITED ,9-14 Yrs,"13,00,000 - 23,00,000 PA.",Bangalore/Bengaluru(WFH during Covid), Roles and Responsibilities Data mining/ ETLAnalyzing structured/unstructured data from ...,"['data analytics', 'sql', 'ETL', 'Redshift', 'Alteryx', 'PowerBI', 'Tableau', 'Databricks']"
105,https://www.naukri.com/job-listings-data-analyst-edp-software-limited-kolkata-hyderabad-secunderabad-pune-ahmedabad-chennai-bangalore-bengaluru-delhi-ncr-mumbai-all-areas-4-to-9-years-180522013578?src=jobsearchDesk&sid=1653744140697169&xp=6&px=6,Data Analyst,EDP Software Limited,4-9 Yrs,Not disclosed,"Kolkata, Hyderabad/Secunderabad, Pune, Ahmedabad, Chennai, Bangalore/Bengaluru, Delhi / NCR, Mumbai (All Areas)"," 10 years of work experience in Data Analysis, BI or Data Engineering roles with a quant...","['python', 'data analysis', 'data mining', 'GCP', 'analytical', 'Spark', 'R', 'mining']"
106,https://www.naukri.com/job-listings-hiring-for-data-analyst-bangalore-bcd-travel-india-pvt-ltd-ahmedabad-chennai-bangalore-bengaluru-3-to-8-years-180522008749?src=jobsearchDesk&sid=1653744140697169&xp=7&px=6,Hiring For Data Analyst//Bangalore,BCD Travel,3-8 Yrs,Not disclosed,"Ahmedabad, Chennai, Bangalore/Bengaluru", AnalystAre you an experienced data driven professional who is inquisitive and has a dee...,"['data analytics', 'advanced excel', 'forecasting', 'data analyst']"
107,https://www.naukri.com/job-listings-data-analyst-edtech-talentstack-bangalore-bengaluru-2-to-6-years-050122909296?src=jobsearchDesk&sid=1653744140697169&xp=8&px=6,Data Analyst - EdTech,TalentStack,2-6 Yrs,Not disclosed,Bangalore/Bengaluru, Create engaging learning activities to increase learning experience of the students Dev...,"['Data analytics', 'Data Analyst', 'Analytics', 'SQL', 'Python']"
108,https://www.naukri.com/job-listings-data-analyst-outsource-big-data-bangalore-bengaluru-9-to-14-years-210522500424?src=jobsearchDesk&sid=1653744140697169&xp=9&px=6,Data Analyst,Outsource Big Data,9-14 Yrs,Not disclosed,Bangalore/Bengaluru, Hands on experience in web data extraction dimensional data from databases and web is a...,"['IT services', 'Automation', 'Data management', 'Data mining', 'JIRA', 'Project delivery', 'Digital marketing', 'Analytics']"
109,https://www.naukri.com/job-listings-data-analyst-l5-immediate-to-15-days-notice-period-anlage-infotech-i-pvt-ltd-bangalore-bengaluru-6-to-11-years-240522001073?src=jobsearchDesk&sid=1653744140697169&xp=10&px=6,Data Analyst L5 - immediate To 15 days notice period,Anlage Infotech (I) Pvt. Ltd.   ,6-11 Yrs,"6,00,000 - 14,00,000 PA.",Bangalore/Bengaluru, Job Title: Portfolio Data Lead AnalystLevel: L5A (contractual Role)Reports To: Process ...,"['Data Visualization', 'DAX', 'JIRA', 'data modelling', 'Statistics', 'DATA ANALYSIS', 'Business Analysis']"
110,https://www.naukri.com/job-listings-mis-executive-data-analyst-jainam-invamed-pvt-ltd-vasai-1-to-2-years-250522000804?src=jobsearchDesk&sid=1653744140697169&xp=11&px=6,MIS Executive / DATA Analyst,Jainam Invamed Pvt Ltd ,1-2 Yrs,"2,25,000 - 3,00,000 PA.",Vasai, Preferably FEMALE candidates!Qualification: 12th Pass / Any Graduate,"['MIS Reporting', 'Mis Excel', 'Back Office', 'Data Analysis', 'Data Entry Operation']"
111,https://www.naukri.com/job-listings-senior-data-analyst-botree-software-international-private-limited-bangalore-bengaluru-4-to-9-years-311021000495?src=jobsearchDesk&sid=1653744140697169&xp=12&px=6,Senior Data Analyst,Botree Software International Private Limited,4-9 Yrs,"10,00,000 - 15,00,000 PA.",Bangalore/Bengaluru, Highly Proficient in Python and SQL ServerPreferred 10 years of relevant work experienc...,"['Data Analysis', 'Machine Learning', 'Python', 'python scripts', 'SQL Server', 'Data Analytics', 'Statistical Analysis', 'SQL queries']"
112,https://www.naukri.com/job-listings-senior-data-analyst-encora-innovation-labs-india-private-limited-bangalore-bengaluru-5-to-10-years-160522904185?src=jobsearchDesk&sid=1653744140697169&xp=13&px=6,Senior Data Analyst,Encora,5-10 Yrs,Not disclosed,Bangalore/Bengaluru, Tableau Desktop / Data Analyst Certification MS SQL Server / Oracle CertificationUniver...,"['Tableau', 'IT Skills', 'Python', 'Oracle', 'MS SQL', 'AWS', 'Matplotlib', 'Exploratory Data Analysis']"
113,https://www.naukri.com/job-listings-senior-analyst-data-management-accenture-solutions-pvt-ltd-hyderabad-secunderabad-5-to-8-years-230522908066?src=jobsearchDesk&sid=1653744140697169&xp=14&px=6,Senior Analyst-Data Management,Accenture,5-8 Yrs,Not disclosed,Hyderabad/Secunderabad, Skill required: Data Management - AWS Architecture Designation: Senior Analyst Job Loca...,"['Data analysis', 'Publishing', 'Data management', 'Consulting', 'Analytics', 'Artificial Intelligence', 'Client relationship', 'Database management system']"
114,https://www.naukri.com/job-listings-opportunity-for-data-analyst-gurgaon-bangalore-c2h-randstad-india-pvt-ltd-bangalore-bengaluru-delhi-ncr-4-to-9-years-250522009795?src=jobsearchDesk&sid=1653744140697169&xp=15&px=6,Job | Job Opportunity For Data Analyst -Gurgaon/Bangalore-C2H,RANDSTAD INDIA PVT LTD  ,4-9 Yrs,"10,00,000 - 20,00,000 PA.","Bangalore/Bengaluru, Delhi / NCR"," Expert in SQL (Sybase and Oracle), good to have: ETL, Tableau, and PythonExperience: 4+Yrs","['Oracle', 'Sybase', 'ETL', 'Tableau', 'Python', 'SQL', 'SQL Queries']"
115,https://www.naukri.com/job-listings-hiring-for-data-analyst-third-party-payroll-flipkart-internet-private-limited-bangalore-bengaluru-2-to-4-years-190522003280?src=jobsearchDesk&sid=1653744140697169&xp=16&px=6,Hiring For Data Analyst - Third Party Payroll,Flipkart,2-4 Yrs,"2,50,000 - 7,00,000 PA.",Bangalore/Bengaluru, Primary responsibility of the Data Analyst at Planning will be to build and maintain th...,"['Excel', 'Pivot Table', 'Google Sheets', 'macros', 'data analysis', 'Power BI', 'google script', 'Advanced Excel']"
116,https://www.naukri.com/job-listings-data-analyst-1-optum-global-solutions-india-private-limited-bangalore-bengaluru-4-to-9-years-170522901111?src=jobsearchDesk&sid=1653744140697169&xp=17&px=6,Data Analyst 1,Optum,4-9 Yrs,Not disclosed,Bangalore/Bengaluru, Bachelor s Degree or equivalent work experience Assist as needed to monitor data wareho...,"['SQL development', 'Unix', 'System Development', 'Linux Shell Scripting', 'DataStage', 'Data Analysis', 'big data technologies', 'Data warehouse development']"
117,https://www.naukri.com/job-listings-data-analyst-iii-walmart-labs-bangalore-bengaluru-3-to-7-years-160522501909?src=jobsearchDesk&sid=1653744140697169&xp=18&px=6,Data Analyst III,Walmart,3-7 Yrs,Not disclosed,Bangalore/Bengaluru, Experience providing analysis and recommendations based on data,"['T', 'Tableau', 'communication', 'SQL server', 'agile', 'Google Big', 'development', 'Jira']"
118,https://www.naukri.com/job-listings-data-analyst-ericsson-india-global-services-pvt-ltd-noida-3-to-5-years-160522500557?src=jobsearchDesk&sid=1653744140697169&xp=19&px=6,Data Analyst,Ericsson,3-5 Yrs,Not disclosed,Noida," Knowledge of critical metric analysis preferably related to Tickets, Work requests, Inc...","['Telecom', 'Bidding', 'Data management', 'Process improvement', 'PHP', 'Data Analyst', 'HTML', 'microsoft']"
119,https://www.naukri.com/job-listings-associate-professional-data-analyst-dxc-technology-bangalore-bengaluru-3-to-6-years-130522501269?src=jobsearchDesk&sid=1653744140697169&xp=20&px=6,Associate Professional Data Analyst,DXC Technology,3-6 Yrs,Not disclosed,Bangalore/Bengaluru," Bachelors degree in information systems, computer science or related field preferred Ba...","['data analysis', 'relational databases', 'Communication', 'data modeling', 'Computer science', 'Client satisfaction', 'Programming', 'Data structures']"
120,https://www.naukri.com/job-listings-global-hr-data-analyst-vodafone-india-services-pvt-ltd-pune-5-to-10-years-200522002478?src=jobsearchDesk&sid=16537441435328287&xp=1&px=7,Global HR Data Analyst,Vodafone India Services Pvt.Ltd,5-10 Yrs,Not disclosed,Pune, Experience of delivering a high quality customer focused serviceExperience of deliverin...,"['data reporting', 'Data Analysis', 'sap hr', 'IT Skills', 'SAP', 'HR Data', 'Data management', 'global data']"
121,https://www.naukri.com/job-listings-operational-risk-data-analyst-invesco-india-pvt-ltd-hyderabad-secunderabad-2-to-4-years-160522903741?src=jobsearchDesk&sid=16537441435328287&xp=2&px=7,Operational Risk Data Analyst,Invesco,2-4 Yrs,Not disclosed,Hyderabad/Secunderabad, Operational Risk Data AnalystDepartment:EMEA Operational RiskReports To:Operational Ris...,"['Data Analysis', 'data solution', 'data management', 'Word', 'Financial Services', 'Risk management', 'Excel skills', 'PowerPoint']"
122,https://www.naukri.com/job-listings-data-analyst-hcl-technologies-limited-bangalore-bengaluru-3-to-8-years-190522001651?src=jobsearchDesk&sid=16537441435328287&xp=3&px=7,Data Analyst,HCL Technologies,3-8 Yrs,Not disclosed,Bangalore/Bengaluru(WFH during Covid), Bachelor is required Advanced experience with scripting language Python or Shell is a m...,"['sql queries', 'Shell Scripting', 'data reporting', 'Tableau', 'Python', 'analytical', 'Shell', 'IT Skills']"
123,https://www.naukri.com/job-listings-business-analyst-data-modelling-interpretation-locus-solution-gurgaon-gurugram-2-to-5-years-260522905854?src=jobsearchDesk&sid=16537441435328287&xp=4&px=7,Business Analyst (Data Modelling & Interpretation),LOCUS SOLUTION,2-5 Yrs,Not disclosed,Gurgaon/Gurugram," Problem structuring, project planning and execution of business research projectsExtens...","['Data Modelling', 'Bloomberg', 'Hoovers', 'DialogPro', 'Factiva', 'Data interpretation']"
124,https://www.naukri.com/job-listings-analyst-content-and-data-management-eclerx-services-ltd-mumbai-0-to-2-years-190522909773?src=jobsearchDesk&sid=16537441435328287&xp=5&px=7,Analyst - Content and Data Management,eClerx,0-2 Yrs,Not disclosed,Mumbai," Graduate, but BSc or B Pharm Preferred","['Data Management', 'excel', 'Data enrichment', 'Content Management', 'medicine and chemical', 'communication']"
125,https://www.naukri.com/job-listings-analyst-content-and-data-management-eclerx-services-ltd-mumbai-0-to-2-years-170522911197?src=jobsearchDesk&sid=16537441435328287&xp=6&px=7,Analyst - Content and Data Management,eClerx,0-2 Yrs,Not disclosed,Mumbai," Graduate, but BSc or B Pharm Preferred","['Data Management', 'communication', 'written', 'excel', 'Quality Check']"
126,https://www.naukri.com/job-listings-analyst-content-and-data-management-eclerx-services-ltd-mumbai-0-to-2-years-170522911190?src=jobsearchDesk&sid=16537441435328287&xp=7&px=7,Analyst - Content and Data Management,eClerx,0-2 Yrs,Not disclosed,Mumbai," Graduate, but BSc or B Pharm Preferred","['Data Management', 'database', 'Excel', 'Quality Check']"
127,https://www.naukri.com/job-listings-analyst-content-and-data-management-eclerx-services-ltd-mumbai-0-to-2-years-170522904470?src=jobsearchDesk&sid=16537441435328287&xp=8&px=7,Analyst - Content and Data Management,eClerx,0-2 Yrs,Not disclosed,Mumbai," Graduate, but BSc or B Pharm Preferred","['Content Management', 'communication', 'written', 'excel', 'Data profiling', 'Data Management', 'Quality Check', 'Content writing']"
128,https://www.naukri.com/job-listings-senior-data-analyst-marketing-analyst-exponentia-ai-private-limited-mumbai-all-areas-5-to-8-years-140122003293?src=jobsearchDesk&sid=16537441435328287&xp=9&px=7,Senior Data Analyst/Marketing Analyst,Exponentia.ai Private Limited,5-8 Yrs,Not disclosed,Mumbai (All Areas), Role: Data AnalystExperience: 5+ YearsLocation: MumbaiBusiness Title: Senior Data Analy...,"['Lead Generation', 'Python', 'SQL', 'IT Skills', 'R', 'B2B', 'Marketing Analysis', 'Data Analysis']"
129,https://www.naukri.com/job-listings-senior-data-analyst-launch-it-consulting-india-pvt-ltd-hyderabad-secunderabad-5-to-10-years-230522002235?src=jobsearchDesk&sid=16537441435328287&xp=10&px=7,Senior Data Analyst,Launch IT Consulting,5-10 Yrs,Not disclosed,Hyderabad/Secunderabad(WFH during Covid), A good understanding of DevOps pipelines and maintaining version control of code from d...,"['Agile Methodology', 'PowerBI', 'Azure Synapse Analytics', 'Dax', 'Devops', 'IT Skills', 'Python', 'Testing']"
130,https://www.naukri.com/job-listings-sr-sql-developer-data-analyst-saisystems-technology-private-limited-pune-6-to-11-years-230522009109?src=jobsearchDesk&sid=16537441435328287&xp=11&px=7,Sr. SQL Developer (data analyst),SAISYSTEMS TECHNOLOGY PRIVATE LIMITED,6-11 Yrs,Not disclosed,Pune(WFH during Covid), JD : Sr SQL Developer (Data Analyst)5+ years experience with SQL Server 2014/2016/20175...,"['SSRS', 'Data Analysis', 'SQL Server', 'SSIS', 'T - SQL', 'SQL queries', 'Troubleshooting', 'SQL Server 2014 / 2016 / 2017']"
131,https://www.naukri.com/job-listings-everest-group-senior-analyst-data-analytics-everest-group-gurgaon-gurugram-bangalore-bengaluru-2-to-4-years-220522900183?src=jobsearchDesk&sid=16537441435328287&xp=12&px=7,Everest Group - Senior Analyst - Data & Analytics,Everest Group,2-4 Yrs,Not disclosed,"Gurgaon/Gurugram, Bangalore/Bengaluru", Bachelors degree MBA required (preferably from Tier-1 B-School) The candidate will be r...,"['Data Analytics', 'Artificial Intelligence', 'Data Management', 'Research', 'Microsoft office', 'Analytics']"
132,https://www.naukri.com/job-listings-associate-data-analyst-blueoptima-bangalore-bengaluru-1-to-2-years-270522005836?src=jobsearchDesk&sid=16537441435328287&xp=13&px=7,Associate Data Analyst,BlueOptima ,1-2 Yrs,Not disclosed,Bangalore/Bengaluru, BlueOptimas vision is to become the global reference for the optimisation of the perfor...,"['python', 'Statistics', 'IT Skills', 'Software Development', 'Data Science', 'Tableau', 'data analysis', 'SQL']"
133,https://www.naukri.com/job-listings-data-analyst-sql-with-an-ecommerce-company-bangalore-wfo-ciel-hr-services-pvt-ltd-bangalore-bengaluru-1-to-6-years-270522001353?src=jobsearchDesk&sid=16537441435328287&xp=14&px=7,"Data Analyst SQL with an Ecommerce company, Bangalore (WFO)",CIEL HR Services Pvt Ltd ,1-6 Yrs,"5,00,000 - 6,00,000 PA.",Bangalore/Bengaluru," Desired Candidate Profile Min 1 yr exp in data analysis and good exp in SQL, Power BI a...","['analysis', 'SQL', 'BPO', 'data analysis', 'data', 'Power BI', 'extraction', 'transformation']"
134,https://www.naukri.com/job-listings-immediately-hiring-for-data-analyst-ba-lakshya-software-technologies-private-limited-chennai-bangalore-bengaluru-5-to-10-years-260522605220?src=jobsearchDesk&sid=16537441435328287&xp=15&px=7,Immediately hiring For Data Analyst/ BA,Lakshya Software Technologies Private Limited ,5-10 Yrs,Not disclosed,"Chennai, Bangalore/Bengaluru(WFH during Covid)", Financial experience especially in an investment management or credit risk sector requi...,"['data analysis', 'Power Bi', 'sql', 'investment management', 'finance']"
135,https://www.naukri.com/job-listings-immediately-hiring-for-data-analyst-ba-lakshya-software-technologies-private-limited-chennai-bangalore-bengaluru-5-to-10-years-260522005218?src=jobsearchDesk&sid=16537441435328287&xp=16&px=7,Immediately hiring For Data Analyst/ BA,Lakshya Software Technologies Private Limited ,5-10 Yrs,Not disclosed,"Chennai, Bangalore/Bengaluru(WFH during Covid)", Financial experience especially in an investment management or credit risk sector requi...,"['data analysis', 'Power Bi', 'sql', 'investment management', 'finance']"
136,https://www.naukri.com/job-listings-data-analyst-r-python-ml-algorithms-huquo-consulting-pvt-ltd-delhi-ncr-3-to-5-years-260522902895?src=jobsearchDesk&sid=16537441435328287&xp=17&px=7,Data Analyst - R/Python/ML Algorithms,Huquo Consulting Pvt. Ltd,3-5 Yrs,Not disclosed,Delhi / NCR, Min 5 years of experience in a similar profileGood problem-solving skills,"['R', 'Data Modeling', 'Python', 'IT Skills', 'Machine Learning', 'Data Strategy', 'Data Mining', 'Statistical Analyst']"
137,https://www.naukri.com/job-listings-data-analyst-fintech-primo-hiring-noida-ghaziabad-faridabad-gurgaon-gurugram-delhi-ncr-1-to-3-years-270522906090?src=jobsearchDesk&sid=16537441435328287&xp=18&px=7,Data Analyst - FinTech,Primo Hiring,1-3 Yrs,Not disclosed,"Noida, Ghaziabad, Faridabad, Gurgaon/Gurugram, Delhi / NCR", SKILLS REQUIRED : - Previous experience in data analysis Knowledge of statistics and ex...,"['Data Analytics', 'Consulting - BFSI', 'SAS', 'Data Mining', 'Statistics', 'Analytics']"
138,https://www.naukri.com/job-listings-looking-for-data-analyst-manpowergroup-services-india-private-limited-hyderabad-secunderabad-5-to-10-years-260522007420?src=jobsearchDesk&sid=16537441435328287&xp=19&px=7,Looking For Data Analyst,ManpowerGroup Services India Private Limited  ,5-10 Yrs,"10,00,000 - 20,00,000 PA.",Hyderabad/Secunderabad(WFH during Covid)," Good math and analytical skills including statistics, simulation, and optimizationYou s...","['Power Bi', 'data visualization', 'sql', 'microsoft power bi', 'R', 'ms excel', 'data analysis', 'dashboards']"
139,https://www.naukri.com/job-listings-configuration-and-data-integration-analyst-wpp-it-chennai-3-to-6-years-260522500831?src=jobsearchDesk&sid=16537441435328287&xp=20&px=7,Configuration and Data Integration Analyst ,WPP IT,3-6 Yrs,Not disclosed,Chennai," As we progress on this journey, The Configuration and Data Integration team will be cus...","['IT services', 'Data analysis', 'Automation', 'Manager Quality Assurance', 'Business analytics', 'Analytical', 'Workflow', 'Continuous improvement']"
140,https://www.naukri.com/job-listings-business-and-data-analyst-careerdost-enterprise-bangalore-bengaluru-0-to-5-years-010522000062?src=jobsearchDesk&sid=16537441464005981&xp=1&px=8,Business and Data Analyst,CAREERDOST ENTERPRISE,0-5 Yrs,"15,00,000 - 30,00,000 PA.",Bangalore/Bengaluru(WFH during Covid), We are open to consider Freshers either of 2021 batch or even for 2022 batch who have c...,"['Business Analysis', 'product management', 'marketing analytics', 'digital campaigns', 'ad operations', 'Campaign Management', 'Digital Marketing', 'Sales Analytics']"
141,https://www.naukri.com/job-listings-intern-business-analyst-data-analyst-faurecia-india-private-limited-pune-0-to-1-years-100522008425?src=jobsearchDesk&sid=16537441464005981&xp=2&px=8,Intern - Business Analyst / Data Analyst,Faurecia,0-1 Yrs,Not disclosed,Pune, o Conduct required primary and secondary market research: through surveys with end cons...,"['Excel', 'advanced excel', 'Data Analysis', 'Reporting', 'Business Analysis']"
142,https://www.naukri.com/job-listings-data-analyst-product-analyst-business-analyst-benchire-bangalore-bengaluru-delhi-ncr-2-to-5-years-170522903369?src=jobsearchDesk&sid=16537441464005981&xp=3&px=8,Data Analyst / Product Analyst / Business Analyst,Benchire,2-5 Yrs,Not disclosed,"Bangalore/Bengaluru, Delhi / NCR(WFH during Covid)"," Responsibilities:â€¢ Building dashboards using techniques for advanced analytics, interac...","['Data Analysis', 'Tableau', 'communication', 'business modelling', 'data modelling', 'data management', 'SQL', 'written']"
143,https://www.naukri.com/job-listings-business-analyst-data-analysis-anlage-infotech-i-pvt-ltd-hyderabad-secunderabad-bangalore-bengaluru-5-to-10-years-130522003515?src=jobsearchDesk&sid=16537441464005981&xp=4&px=8,Business analyst + data Analysis,Anlage Infotech (I) Pvt. Ltd.   ,5-10 Yrs,Not disclosed,"Hyderabad/Secunderabad, Bangalore/Bengaluru", About this role:Experience-5+yrsLocations-Bangalore/Hyderabadseeking a Senior Technolog...,"['business analysis', 'Teradata', 'JIRA', 'banking', 'agile', 'Gap Analysis', 'Use Cases', 'Requirement Gathering']"
144,https://www.naukri.com/job-listings-reference-data-business-analyst-collabera-technologies-private-limited-pune-1-to-3-years-240522000731?src=jobsearchDesk&sid=16537441464005981&xp=5&px=8,Reference Data Business Analyst,Collabera,1-3 Yrs,Not disclosed,Pune, Essentials Skills and Qualifications:Graduate or Post-Graduate or MBA in Finance / Acco...,"['report generation', 'reference data', 'data analysis', 'R', 'written', 'Python', 'accounting', 'SQL']"
145,https://www.naukri.com/job-listings-data-entry-analyst-data-bridge-market-research-gurgaon-gurugram-0-to-1-years-200522005264?src=jobsearchDesk&sid=16537441464005981&xp=6&px=8,Data Entry Analyst,Data Bridge (DBMR),0-1 Yrs,Not disclosed,Gurgaon/Gurugram, Must be an immediate physical joinerMust have good interest in data entry jobsMust have...,"['excel', 'VLOOKUP', 'Excel Data Management', 'HLOOKUP', 'communication skills', 'Pivot Table', 'Data Validation', 'Formulas']"
146,https://www.naukri.com/job-listings-junior-data-engineer-analyst-reval-india-pvt-ltd-mumbai-0-to-2-years-180522500992?src=jobsearchDesk&sid=16537441464005981&xp=7&px=8,Junior Data Engineer / Analyst,Reval India Pvt. Ltd.,0-2 Yrs,Not disclosed,Mumbai, Gaining a good understanding of the Ion Analytics criteria in order to analyze and dete...,"['Tableau', 'Python', 'MS Office', 'R', 'SQL', 'Supply chain', 'Publishing', 'Coding']"
147,https://www.naukri.com/job-listings-healthcare-insurance-data-analyst-collabera-services-private-limited-vadodara-baroda-3-to-8-years-230522000823?src=jobsearchDesk&sid=16537441464005981&xp=8&px=8,Healthcare/Insurance Data Analyst,Collabera Services Private Limited   ,3-8 Yrs,Not disclosed,Vadodara," Healthcare Data Analyst Requirements: Bachelors degree in mathematics, statistics, heal...","['data management', 'data manipulation', 'healthcare management', 'IT Skills', 'Python', 'data analysis', 'sql']"
148,https://www.naukri.com/job-listings-olm-analyst-data-analytics-shell-india-markets-private-limited-bangalore-bengaluru-5-to-7-years-270522902571?src=jobsearchDesk&sid=16537441464005981&xp=9&px=8,OLM Analyst - Data & Analytics,Shell,5-7 Yrs,Not disclosed,Bangalore/Bengaluru, The RoleMobility (earlier Retail) is one of the rapidly growing businesses in Downstrea...,"['Data visualization tools', 'PowerBIincluding Labels', 'Data Modelling', 'CSS', 'SAC', 'JavaScript', 'Charts', 'HTML']"
149,https://www.naukri.com/job-listings-data-governance-analyst-statestreet-global-advisor-pvt-ltd-hyderabad-secunderabad-bangalore-bengaluru-7-to-12-years-260522500330?src=jobsearchDesk&sid=16537441464005981&xp=10&px=8,Data Governance Analyst,StateStreet Global Advisor Pvt Ltd,7-12 Yrs,Not disclosed,"Hyderabad/Secunderabad, Bangalore/Bengaluru", Responsibilities: You will be key member of Data Governance Implementation program for ...,"['Process automation', 'Analyst', 'remediation', 'metadata', 'Workflow', 'Data quality', 'Investment management', 'Business intelligence']"
150,https://www.naukri.com/job-listings-data-governance-analyst-statestreet-global-advisor-pvt-ltd-hyderabad-secunderabad-bangalore-bengaluru-5-to-12-years-260522500329?src=jobsearchDesk&sid=16537441464005981&xp=11&px=8,Data Governance Analyst,StateStreet Global Advisor Pvt Ltd,5-12 Yrs,Not disclosed,"Hyderabad/Secunderabad, Bangalore/Bengaluru"," 12 years of Technology, Business, Data Governance and management experienceProficiency ...","['Process automation', 'Analyst', 'remediation', 'metadata', 'GTS', 'Workflow', 'Data quality', 'Investment management']"
151,https://www.naukri.com/job-listings-associate-analyst-informatica-data-quality-idq-novartis-healthcare-pvt-ltd-hyderabad-secunderabad-1-to-6-years-280522500071?src=jobsearchDesk&sid=16537441464005981&xp=12&px=8,Associate Analyst - Informatica Data Quality (IDQ),Novartis Healthcare,1-6 Yrs,Not disclosed,Hyderabad/Secunderabad," Bachelor / Master s degree from reputed University in Pharma, Computers or IT or equiva...","['Data analysis', 'metadata', 'Associate Analyst', 'Publishing', 'Data management', 'Pharma', 'data governance', 'Data quality']"
152,https://www.naukri.com/job-listings-data-analyst-game-optimisation-kwalee-india-private-limited-bangalore-bengaluru-1-to-6-years-250522001387?src=jobsearchDesk&sid=16537441464005981&xp=13&px=8,Data Analyst (Game Optimisation),KWALEE INDIA PRIVATE LIMITED,1-6 Yrs,Not disclosed,Bangalore/Bengaluru, We firmly believe in creativity and innovation and that a fundamental requirement for a...,"['python', 'data analysis', 'data science', 'sql', 'nosql']"
153,https://www.naukri.com/job-listings-data-analyst-greytip-software-pvt-ltd-bangalore-bengaluru-1-to-3-years-240522501485?src=jobsearchDesk&sid=16537441464005981&xp=14&px=8,Data analyst,Greytip Software,1-3 Yrs,Not disclosed,Bangalore/Bengaluru," The ideal candidate should be highly skilled in all aspects of data analytics, includin...","['Computer science', 'Mining', 'Statistical programming', 'Technical writing', 'Analytical', 'Data Analyst', 'Data mining', 'SQL']"
154,https://www.naukri.com/job-listings-data-analyst-data-science-and-analytics-transunion-software-services-pvt-ltd-chennai-4-to-7-years-240522501446?src=jobsearchDesk&sid=16537441464005981&xp=15&px=8,"Data Analyst, Data Science and Analytics",TransUnion,4-7 Yrs,Not disclosed,Chennai," Bachelor s degree in statistics, applied mathematics, financial mathematics, computer s...","['Computer science', 'Operations research', 'Analytical', 'Consulting', 'Agile', 'Business intelligence', 'Financial services', 'SQL']"
155,https://www.naukri.com/job-listings-data-analyst-netradyne-bangalore-bengaluru-1-to-4-years-210522500302?src=jobsearchDesk&sid=16537441464005981&xp=16&px=8,Data Analyst,NETRADYNE,1-4 Yrs,Not disclosed,Bangalore/Bengaluru, Identify and formulate relevant metrics which will help to monitor not only business bu...,"['Microsoft excel', 'data analytics', 'development', 'Python', 'SQL', 'statistical modelling', 'communication', 'AWS']"
156,https://www.naukri.com/job-listings-lead-data-analyst-marketplace-go-jek-engineering-bangalore-bengaluru-4-to-9-years-160522501269?src=jobsearchDesk&sid=16537441464005981&xp=17&px=8,Lead Data Analyst - Marketplace,Gojek,4-9 Yrs,Not disclosed,Bangalore/Bengaluru," Bachelor s degree in Statistics, a related field, or equivalent practical experience Pa...","['Mining', 'Data analysis', 'Coding', 'Analytical', 'Data quality', 'Analytics', 'Financial services', 'SQL']"
157,https://www.naukri.com/job-listings-lea-data-analyst-coinswitch-kuber-bangalore-bengaluru-4-to-6-years-240522501613?src=jobsearchDesk&sid=16537441464005981&xp=18&px=8,LEA Data Analyst,CoinSwitch Kuber,4-6 Yrs,Not disclosed,Bangalore/Bengaluru, is desirable but not a must have6 years of relevant experienceDeeper understanding and ...,"['Law enforcement', 'Legal', 'Data Analyst', 'Management', 'Information technology', 'Investment']"
158,https://www.naukri.com/job-listings-power-bi-and-tableau-developer-data-analyst-leading-us-mnc-analytics-gurgaon-gurugram-bangalore-bengaluru-delhi-ncr-3-to-8-years-210522001713?src=jobsearchDesk&sid=16537441464005981&xp=19&px=8,Power BI and Tableau Developer / Data analyst,Leading US MNC (analytics),3-8 Yrs,"8,00,000 - 18,00,000 PA.","Gurgaon/Gurugram, Bangalore/Bengaluru, Delhi / NCR(WFH during Covid)", Location : Gurgaon & Bangalore (Currently work from home) Analytics experience Power BI...,"['power bi', 'data analysis', 'dax', 'Tableau', 'SQL']"
159,https://www.naukri.com/job-listings-sharepoint-developer-data-analyst-jaguar-security-services-pvt-ltd-bangalore-bengaluru-1-to-3-years-040422003352?src=jobsearchDesk&sid=16537441464005981&xp=20&px=8,Sharepoint Developer ( Data Analyst ),Jaguar Security Services Pvt Ltd,1-3 Yrs,Not disclosed,Bangalore/Bengaluru," 1 to 3 years Experience in Share point online and MS365 apps, managing a share point si...","['Tableau', 'Data Warehousing', 'SQL', 'Alteryx', 'ETL concepts']"
160,https://www.naukri.com/job-listings-data-analyst-upman-placements-pvt-ltd-hyderabad-secunderabad-1-to-4-years-250522502197?src=jobsearchDesk&sid=16537441492229127&xp=1&px=9,Data Analyst,UpMan Placements Pvt. Ltd.,1-4 Yrs,Not disclosed,Hyderabad/Secunderabad, Must be results-oriented while paying close attention to detail Proficient with advance...,"['Automation', 'Data analysis', 'Data management', 'Staffing', 'Analytical', 'Business intelligence', 'Macros', 'SQL']"
161,https://www.naukri.com/job-listings-software-support-data-analyst-valeo-india-pvt-ltd-chennai-1-to-4-years-230522500812?src=jobsearchDesk&sid=16537441492229127&xp=2&px=9,Software - Support - Data Analyst,Valeo,1-4 Yrs,Not disclosed,Chennai, To support top management in decision making process by providing key indicators on are...,"['Time management', 'Software support', 'Advanced Excel', 'Data Analyst', 'Macros', 'Python']"
162,https://www.naukri.com/job-listings-cloud-architect-azure-data-analyst-appoids-tech-solutions-private-limited-mumbai-all-areas-3-to-5-years-250522004163?src=jobsearchDesk&sid=16537441492229127&xp=3&px=9,Cloud architect Azure Data Analyst,Appoids tech solutions private limited,3-5 Yrs,"8,00,000 - 18,00,000 PA.",Mumbai (All Areas), Certification : Azure cloud Data Architect -ProfessionalGood in building solutions of v...,"['Data Warehousing', 'azure', 'Azure Data Factory', 'data analysis', 'data management']"
163,https://www.naukri.com/job-listings-data-analyst-six-sails-technologies-india-private-limited-faridabad-2-to-4-years-240522010789?src=jobsearchDesk&sid=16537441492229127&xp=4&px=9,Data Analyst,Six Sails Technologies India Private Limited ,2-4 Yrs,Not disclosed,Faridabad(WFH during Covid), Development and customisation of company databases applicants should be able to create ...,"['Data Analysis', 'VBA', 'MS Access', 'PowerPivot', 'Macros', 'Excel', 'MS SQL', 'Advance Excel']"
164,https://www.naukri.com/job-listings-data-analyst-oportun-inc-chennai-1-to-3-years-230522501154?src=jobsearchDesk&sid=16537441492229127&xp=5&px=9,Data Analyst,Oportun Inc,1-3 Yrs,Not disclosed,Chennai, Weâ€™re looking for an analytically minded and driven professional to join our Data Manag...,"['Data analysis', 'Data management', 'MIS', 'Intellectual property', 'Risk management', 'Business intelligence', 'Data warehousing', 'Analytics']"
165,https://www.naukri.com/job-listings-data-analyst-oportun-inc-chennai-1-to-3-years-230522501150?src=jobsearchDesk&sid=16537441492229127&xp=6&px=9,Data Analyst,Oportun Inc,1-3 Yrs,Not disclosed,Chennai, Bachelor s degree in computer science / data processing or equivalent Knowledge of fina...,"['Computer science', 'Data analysis', 'Data management', 'MIS', 'Reconciliation', 'Intellectual property', 'Data processing', 'Risk management']"
166,https://www.naukri.com/job-listings-business-analyst-data-analyst-compunnel-technology-india-private-limited-noida-5-to-7-years-170522001525?src=jobsearchDesk&sid=16537441492229127&xp=7&px=9,Business Analyst / Data Analyst,Compunnel Technology India Private Limited,5-7 Yrs,Not disclosed,Remote," Objectives of this RoleHands-on experience as Business Analyst.Experience on Data ( AI,...","['data science', 'Data', 'IT Skills', 'Testing', 'Quality Assurance', 'data quality', 'data analysis', 'Data Interpretation']"
167,https://www.naukri.com/job-listings-opportunity-for-the-position-of-financial-data-analyst-nirvana-solutions-india-private-limited-gurgaon-gurugram-0-to-2-years-040522007576?src=jobsearchDesk&sid=16537441492229127&xp=8&px=9,Job Opportunity For the position of Financial Data Analyst,NIRVANA SOLUTIONS INDIA PRIVATE LIMITED,0-2 Yrs,"50,000 - 1,50,000 PA.",Gurgaon/Gurugram, Job Title - Financial Data Analyst. Experience Required - 0 - 2 years. Job Location - G...,"['excel', 'mba finance', 'Reconciliation', 'financial analysis', 'Capital Market', 'Financial Reporting', 'Investment Banking', 'Finance']"
168,https://www.naukri.com/job-listings-senior-data-analyst-data-modeling-database-design-k-r-enterprises-bangalore-bengaluru-4-to-6-years-200522910549?src=jobsearchDesk&sid=16537441492229127&xp=9&px=9,Senior Data Analyst - Data Modeling/Database Design,K & R Enterprises,4-6 Yrs,Not disclosed,Bangalore/Bengaluru," Strong knowledge of and experience with reporting tools such as Tableau, Google Looker,...","['Database Design', 'Tensorflow', 'Tableau', 'Snowflake', 'Python', 'analytical', 'Keras', 'Pandas']"
169,https://www.naukri.com/job-listings-sr-data-analyst-sql-python-ave-promagne-bangalore-bengaluru-3-to-8-years-160522907304?src=jobsearchDesk&sid=16537441492229127&xp=10&px=9,Sr Data Analyst - SQL/Python,AVE-Promagne,3-8 Yrs,Not disclosed,Bangalore/Bengaluru," Experience working with downstream applications, databases data lakes, data warehouses ...","['Data Link', 'Data Engineering', 'data analysis', 'predictive analytics', 'SQL', 'Google Cloud', 'analytics', 'User Acceptance Testing']"
170,https://www.naukri.com/job-listings-senior-data-analyst-dat-solutions-llc-bangalore-bengaluru-1-to-5-years-170522500122?src=jobsearchDesk&sid=16537441492229127&xp=11&px=9,Senior Data Analyst,"DAT Solutions, LLC",1-5 Yrs,Not disclosed,Bangalore/Bengaluru, Bachelor s degree in Industrial Engineering (preferred) or equivalent degree from a lea...,"['global operations', 'Data analysis', 'Supply chain management', 'Excel', 'Analytical', 'Consulting', 'SPSS', 'Freight']"
171,https://www.naukri.com/job-listings-senior-data-analyst-luxoft-bangalore-bengaluru-4-to-7-years-160522502038?src=jobsearchDesk&sid=16537441492229127&xp=12&px=9,Senior Data Analyst,Luxoft,4-7 Yrs,Not disclosed,Bangalore/Bengaluru," Data analyst worked on Big data hadoop applications, was proficient in writing SQL quer...","['Big data', 'SQL', 'SQL queries', 'Agile methodology', 'IT Skills', 'Retail', 'Business analysis', 'Hadoop']"
172,https://www.naukri.com/job-listings-senior-data-analyst-cendyn-hyderabad-secunderabad-3-to-6-years-190522501515?src=jobsearchDesk&sid=16537441492229127&xp=13&px=9,Senior Data Analyst,cendyn,3-6 Yrs,Not disclosed,Hyderabad/Secunderabad, Primary Job Responsibilities Implement Google Analytics using GTM for new hotel website...,"['Google Analytics', 'Data management', 'Analytical', 'Javascript', 'HTML', 'Data quality', 'Data mining', 'Digital marketing']"
173,https://www.naukri.com/job-listings-senior-data-analyst-enterprise-data-strategy-spins-solutions-remote-2-to-4-years-130522501995?src=jobsearchDesk&sid=16537441492229127&xp=14&px=9,"Senior Data Analyst, Enterprise Data Strategy",Spins Solutions,2-4 Yrs,Not disclosed,remote, Bachelor s or Master s degree (Preferable areas of study: 1) Bachelor / Master s of Sci...,"['Data analysis', 'metadata', 'Data management', 'Consulting', 'Wellness', 'Data Analyst', 'Business intelligence', 'Business solutions']"
174,https://www.naukri.com/job-listings-senior-data-analyst-clear-trail-technologies-pvt-ltd-noida-mumbai-indore-hyderabad-secunderabad-pune-jaipur-bangalore-bengaluru-15-to-18-years-160522501124?src=jobsearchDesk&sid=16537441492229127&xp=15&px=9,Senior Data Analyst,Clear Trail Technologies Pvt Ltd,15-18 Yrs,Not disclosed,"Noida, Mumbai, Indore, Hyderabad/Secunderabad, Pune, Jaipur, Bangalore/Bengaluru"," This role is multi-functional in nature with a combination of technical sales, customer...","['IT Skills', 'Python', 'Machine Learning', 'Oracle', 'Big Data', 'Tableau', 'Power BI', 'Linux']"
175,https://www.naukri.com/job-listings-data-analyst-michelin-pune-1-to-4-years-170522501485?src=jobsearchDesk&sid=16537441492229127&xp=16&px=9,Data Analyst,Michelin,1-4 Yrs,Not disclosed,Pune, The e-Retail Digital Marketing Analyst position involves working directly with a dynami...,"['BPO', 'data analysis', 'Retail', 'Web analytics', 'digital marketing analyst', 'Data collection', 'E-commerce', 'Digital marketing']"
176,https://www.naukri.com/job-listings-sql-hiring-data-analyst-data-modeler-immediate-to-30-days-joiners-synechron-technologies-pvt-ltd-pune-5-to-10-years-170522001544?src=jobsearchDesk&sid=16537441492229127&xp=17&px=9,SQL Hiring Data Analyst / Data Modeler || Immediate To 30 days Joiners,Synechron,5-10 Yrs,"12,00,000 - 18,00,000 PA.",Pune, Attention to detail SQL data analysts must be highly detail oriented to write SQL progr...,['SQL']
177,https://www.naukri.com/job-listings-data-analyst-thrillophilia-jaipur-0-to-3-years-111220500949?src=jobsearchDesk&sid=16537441492229127&xp=18&px=9,Data Analyst,Thrillophilia,0-3 Yrs,Not disclosed,Jaipur, Proven 1-year experience as a data analystStrong knowledge of and experience with repor...,"['Business objects', 'PDF', 'Database design', 'Process improvement', 'Data collection', 'Data Analyst', 'Data analytics', 'Data mining']"
178,https://www.naukri.com/job-listings-data-analyst-total-marketing-support-india-private-limited-gurgaon-gurugram-0-to-5-years-250122010647?src=jobsearchDesk&sid=16537441492229127&xp=19&px=9,Data Analyst,TOTAL MARKETING SUPPORT INDIA PRIVATE LIMITED ,0-5 Yrs,"3,00,000 - 8,00,000 PA.",Gurgaon/Gurugram," To qualify for the role, you must have Preferred Analytics background candidate 4 years...","['Power Bi', 'Advanced Excel', 'Dashboards', 'VBA', 'Data Analysis', 'Data Warehousing', 'Data Analytics', 'Data Reporting']"
179,https://www.naukri.com/job-listings-sr-bi-analyst-data-engineering-cloudneeti-mohali-4-to-6-years-270522501226?src=jobsearchDesk&sid=16537441492229127&xp=20&px=9,Sr . BI Analyst - Data Engineering,cloudneeti,4-6 Yrs,Not disclosed,Mohali, Experience with Data Warehousing and Modeling best practices in Snowflake The candidate...,"['Supply chain', 'Process automation', 'GIT', 'Enterprise applications', 'Analytical', 'Data quality', 'Forecasting', 'SQL']"
180,https://www.naukri.com/job-listings-senior-analyst-data-quality-analytics-i6-dell-international-services-indiaprivate-limited-bangalore-bengaluru-2-to-7-years-230522904475?src=jobsearchDesk&sid=16537441520652581&xp=1&px=10,"Senior Analyst, Data Quality Analytics (I6)",Dell International Services IndiaPrivate Limited,2-7 Yrs,Not disclosed,Bangalore/Bengaluru, Essential Requirements Experience in business process measurement and change Experience...,"['PowerBI', 'IT Skills', 'Data Science', 'Project Management', 'Big Data', 'Tableau', 'BPO', 'project management']"
181,https://www.naukri.com/job-listings-data-analyst-ec2-consulting-surat-3-to-5-years-270522602040?src=jobsearchDesk&sid=16537441520652581&xp=2&px=10,Data Analyst,EC2 Consulting,3-5 Yrs,Not disclosed,Surat, Skill Requirements:- Proven working experience as a Data Analyst of 3 to 5 years experi...,"['SQL Server', 'Power BI', 'MS Power BI', 'Python', 'Microsoft Power BI', 'IT Skills', 'BI Desktop', 'Web Technologies']"
182,https://www.naukri.com/job-listings-data-analyst-machine-deep-learning-algorithms-huquo-consulting-pvt-ltd-gurgaon-gurugram-delhi-ncr-delhi-ncr-2-to-7-years-260522902848?src=jobsearchDesk&sid=16537441520652581&xp=3&px=10,Data Analyst - Machine/Deep Learning Algorithms,Huquo Consulting Pvt. Ltd,2-7 Yrs,Not disclosed,"Gurgaon/Gurugram, Delhi / NCR, Delhi NCR", Very strong analytical skills with the demonstrated ability to research and make decisi...,"['XGBoost', 'Keras', 'TensorFlow', 'IT Skills', 'Python', 'Data Science', 'Machine Learning', 'Data Analyst']"
183,https://www.naukri.com/job-listings-data-analyst-mastermind-network-delhi-ncr-1-to-5-years-270522007269?src=jobsearchDesk&sid=16537441520652581&xp=4&px=10,Data Analyst,Mastermind Network,1-5 Yrs,"5,50,000 - 10,00,000 PA.",Delhi / NCR, Experience of working in the high-performance data engineering team environment Overall...,"['data analysis', 'data reporting', 'data extraction', 'power bi']"
184,https://www.naukri.com/job-listings-manager-data-analyst-huquo-consulting-pvt-ltd-gurgaon-gurugram-bangalore-bengaluru-delhi-ncr-3-to-8-years-240522906526?src=jobsearchDesk&sid=16537441520652581&xp=5&px=10,Manager - Data Analyst,Huquo Consulting Pvt. Ltd,3-8 Yrs,Not disclosed,"Gurgaon/Gurugram, Bangalore/Bengaluru, Delhi / NCR", Data analysis or rigorous problem solving experience Must haves : - Strong SQL and Exce...,"['Python', 'Data analysis', 'SQL', 'analytical', 'Excel', 'IT Skills', 'Data Analytics', 'financial modeling']"
185,https://www.naukri.com/job-listings-manager-data-analyst-kpo-huquo-consulting-pvt-ltd-gurgaon-gurugram-bangalore-bengaluru-3-to-8-years-310322905623?src=jobsearchDesk&sid=16537441520652581&xp=6&px=10,Manager - Data Analyst - KPO,Huquo Consulting Pvt. Ltd,3-8 Yrs,Not disclosed,"Gurgaon/Gurugram, Bangalore/Bengaluru"," Develop and maintain an integrated, subject-oriented, predominantly conceptual and logi...","['Code Writing', 'Microsoft Excel', 'SQL', 'Data mapping', 'Data Analyst', 'Data Collection', 'Data Modeling', 'Data Analytics']"
186,https://www.naukri.com/job-listings-manager-data-analyst-kpo-huquo-consulting-pvt-ltd-gurgaon-gurugram-bangalore-bengaluru-bangalore-gurgaon-gurugram-2-to-7-years-240522906563?src=jobsearchDesk&sid=16537441520652581&xp=7&px=10,Manager - Data Analyst - KPO,Huquo Consulting Pvt. Ltd,2-7 Yrs,Not disclosed,"Gurgaon/Gurugram, Bangalore/Bengaluru, Bangalore/Gurgaon/Gurugram"," Develop and maintain an integrated, subject-oriented, predominantly conceptual and logi...","['Data Analytics', 'Data Modelling', 'Excel', 'Data Collection', 'Data Modeling', 'Reporting', 'Analytics', 'SQL']"
187,https://www.naukri.com/job-listings-assistant-manager-data-analyst-huquo-consulting-pvt-ltd-bangalore-bengaluru-3-to-6-years-230522906723?src=jobsearchDesk&sid=16537441520652581&xp=8&px=10,Assistant Manager - Data Analyst,Huquo Consulting Pvt. Ltd,3-6 Yrs,Not disclosed,Bangalore/Bengaluru," Develop and maintain an integrated, subject-oriented, predominantly conceptual and logi...","['Data Analytics', 'Data Modeling', 'Analytics', 'SQL']"
188,https://www.naukri.com/job-listings-manager-data-analyst-kpo-huquo-consulting-pvt-ltd-bangalore-bengaluru-5-to-9-years-010222902089?src=jobsearchDesk&sid=16537441520652581&xp=9&px=10,Manager - Data Analyst - KPO,Huquo Consulting Pvt. Ltd,5-9 Yrs,Not disclosed,Bangalore/Bengaluru," Develop and maintain an integrated, subject-oriented, predominantly conceptual and logi...","['Data Modelling', 'Microsoft Excel', 'SQL', 'Data Analyst', 'Data Analytics', 'Analytics']"
189,https://www.naukri.com/job-listings-data-analyst-huquo-consulting-pvt-ltd-gurgaon-gurugram-10-to-15-years-230522906122?src=jobsearchDesk&sid=16537441520652581&xp=10&px=10,Data Analyst,Huquo Consulting Pvt. Ltd,10-15 Yrs,Not disclosed,Gurgaon/Gurugram," Candidate Profile: - Bachelors / Masters degree in Economics, Statistics, Mathematics, ...","['Data Analytics', 'Consulting - BFSI', 'SAS', 'Data Management', 'Statistics', 'Analytics']"
190,https://www.naukri.com/job-listings-assistant-manager-lead-manager-data-analyst-kpo-huquo-consulting-pvt-ltd-gurgaon-gurugram-bangalore-bengaluru-2-to-6-years-060122910485?src=jobsearchDesk&sid=16537441520652581&xp=11&px=10,Assistant Manager / Lead / Manager - Data Analyst - KPO,Huquo Consulting Pvt. Ltd,2-6 Yrs,Not disclosed,"Gurgaon/Gurugram, Bangalore/Bengaluru"," - Must have good technical experience in Pyspark, Scala, Hadoop, SQL, Python (cannot ju...","['Pyspark', 'Scala', 'Hadoop', 'Data Management', 'Data Modeling', 'SQL', 'Python']"
191,https://www.naukri.com/job-listings-data-analyst-msys-tech-india-pvt-ltd-pune-chennai-bangalore-bengaluru-4-to-7-years-200522002591?src=jobsearchDesk&sid=16537441520652581&xp=12&px=10,Data Analyst,MSys Tech India Pvt. Ltd.,4-7 Yrs,"12,00,000 - 20,00,000 PA.","Pune, Chennai, Bangalore/Bengaluru", Knowledge of statistics and experience using statistical packages for analyzing dataset...,"['Pandas', 'Data mining', 'Python', 'Data Models', 'IT Skills', 'Databases', 'Docker', 'Numpy']"
192,https://www.naukri.com/job-listings-data-analyst-edtech-talentstack-bangalore-bengaluru-2-to-6-years-180522900039?src=jobsearchDesk&sid=16537441520652581&xp=13&px=10,Data Analyst - EdTech,TalentStack,2-6 Yrs,Not disclosed,Bangalore/Bengaluru, Create engaging learning activities to increase learning experience of the students Dev...,"['Data Analysis', 'Team Management', 'Content Delivery', 'Student Engagement', 'Data Analytics', 'Analytics', 'Customer Engagement', 'SQL']"
193,https://www.naukri.com/job-listings-data-analyst-referral-bangalore-bengaluru-2-to-5-years-130522500057?src=jobsearchDesk&sid=16537441520652581&xp=14&px=10,Data Analyst,referral,2-5 Yrs,Not disclosed,Bangalore/Bengaluru, Requirements : Strong problem solving ability - Candidate needs to exhibit structured t...,"['Analytical skills', 'Process orientation', 'Senior management', 'Conceptualization', 'Data Analyst', 'Data analytics', 'data visualization', 'Monitoring']"
194,https://www.naukri.com/job-listings-officer-category-demand-management-data-analyst-referral-bangalore-bengaluru-2-to-6-years-170522500722?src=jobsearchDesk&sid=16537441520652581&xp=15&px=10,Officer - Category Demand Management ( Data Analyst),referral,2-6 Yrs,Not disclosed,Bangalore/Bengaluru, Knowledge of statistics and experience using statistical packages for analysing large d...,"['SAS', 'XML', 'Javascript', 'Data Analyst', 'SPSS', 'Data mining', 'Business intelligence', 'Operations']"
195,https://www.naukri.com/job-listings-data-analyst-dat-solutions-llc-bangalore-bengaluru-2-to-3-years-170522500120?src=jobsearchDesk&sid=16537441520652581&xp=16&px=10,Data Analyst,"DAT Solutions, LLC",2-3 Yrs,Not disclosed,Bangalore/Bengaluru, Bachelor s degree in Industrial Engineering (preferred) or equivalent degree from a lea...,"['Supply chain management', 'Excel', 'Analytical', 'Data Analyst', 'Predictive modeling', 'Data analytics', 'SPSS', 'Freight']"
196,https://www.naukri.com/job-listings-digital-data-analyst-livpure-private-limited-gurgaon-gurugram-3-to-5-years-180522013049?src=jobsearchDesk&sid=16537441520652581&xp=17&px=10,Digital Data Analyst,LIVPURE PRIVATE LIMITED,3-5 Yrs,Not disclosed,Gurgaon/Gurugram," A bachelors degree in business management, marketing, or data scienceProficient in vari...","['data analytics', 'google analytics', 'Excel', 'data mining', 'Data Analysis']"
197,https://www.naukri.com/job-listings-data-analyst-license-india-advisory-private-limited-faridabad-3-to-4-years-160522004681?src=jobsearchDesk&sid=16537441520652581&xp=18&px=10,Data Analyst,LICENSE INDIA ADVISORY PRIVATE LIMITED ,3-4 Yrs,"3,00,000 - 6,00,000 PA.",Faridabad, Bachelors degree from an accredited university or college in computer scienceDemonstrat...,"['data analysis', 'Data Management', 'Data Analytics', 'dashboards', 'MIS']"
198,https://www.naukri.com/job-listings-trainee-business-analyst-big-data-analysis-allerin-technologies-pvt-ltd-mumbai-0-to-1-years-190417500473?src=jobsearchDesk&sid=16537441520652581&xp=19&px=10,Trainee Business Analyst   Big Data Analysis,ALLERIN TECHNOLOGIES Pvt Ltd.,0-1 Yrs,Not disclosed,Mumbai, Trainee Business Analyst - Big Data Analysis | Allerin Type a word and press [enter] A ...,"['IT Skills', 'Software Development', 'Testing', 'Big Data', 'Copyright', 'Data analysis', 'Change management', 'Coding']"
199,https://www.naukri.com/job-listings-business-analyst-senior-business-analyst-data-analytics-bfsi-domain-huquo-consulting-pvt-ltd-gurgaon-gurugram-delhi-ncr-bangalore-bengaluru-2-to-5-years-251021901505?src=jobsearchDesk&sid=16537441520652581&xp=20&px=10,Business Analyst/Senior Business Analyst - Data Analytics- BFSI Domain,Huquo Consulting Pvt. Ltd,2-5 Yrs,Not disclosed,"Gurgaon/Gurugram, Delhi / NCR, Bangalore/Bengaluru", Desired Experience :- 2-5 years of total experience of Data Analytics / Data Insights G...,"['SAS', 'Data Insights Generation', 'Data Management', 'Data Analytics', 'Analytics']"
